datetime,gh,csky_ghi,hour,dayofweek,tdry,wspd,rainfall
2020-01-01 00:00:00,0.0,0.0,0,2,-0.839999999999975,1.51,0.001754
2020-01-01 04:00:00,0.0,0.0,4,2,-3.21999999999997,2.37,0.0
2020-01-01 05:00:00,0.0,0.0,5,2,-4.00999999999999,2.29,0.0
2020-01-01 06:00:00,0.0,0.0,6,2,-5.09999999999997,2.34,0.0
2020-01-01 07:00:00,43.2151,48.5114,7,2,-5.57999999999998,2.53,0.0
2020-01-01 08:00:00,192.8064,204.5417,8,2,-3.53999999999996,3.44,0.0
2020-01-01 09:00:00,328.8208,345.997,9,2,-2.12,5.15,0.0
2020-01-01 11:00:00,465.458,482.1421,11,2,0.870000000000005,6.65,0.0
2020-01-01 12:00:00,445.9168,462.3437,12,2,1.47000000000003,6.77,1e-06
2020-01-01 13:00:00,364.9601,382.5464,13,2,1.45000000000005,6.37,0.0
2020-01-01 14:00:00,235.7793,251.3525,14,2,0.910000000000025,5.43,0.0
2020-01-01 16:00:00,1.5302,1.7932,16,2,-2.60999999999996,3.11,0.0
2020-01-01 18:00:00,0.0,0.0,18,2,-3.45999999999998,3.23,1e-06
2020-01-01 20:00:00,0.0,0.0,20,2,-4.96999999999997,3.47,0.0
2020-01-01 21:00:00,0.0,0.0,21,2,-5.58999999999997,3.45,0.0
2020-01-01 22:00:00,0.0,0.0,22,2,-6.16999999999996,3.41,0.0
2020-01-01 23:00:00,0.0,0.0,23,2,-6.69999999999999,3.37,0.0
2020-01-02 00:00:00,0.0,0.0,0,3,-7.19,3.32,0.0
2020-01-02 01:00:00,0.0,0.0,1,3,-7.64999999999998,3.14,0.0
2020-01-02 02:00:00,0.0,0.0,2,3,-8.02999999999997,2.95,0.0
2020-01-02 03:00:00,0.0,0.0,3,3,-8.19999999999999,2.88,0.0
2020-01-02 04:00:00,0.0,0.0,4,3,-8.23999999999995,2.84,0.0
2020-01-02 05:00:00,0.0,0.0,5,3,-8.19999999999999,3.06,0.0
2020-01-02 06:00:00,0.0,0.0,6,3,-8.31,3.16,0.0
2020-01-02 08:00:00,180.1722,205.8721,8,3,-5.75,3.84,0.0
2020-01-02 10:00:00,423.6613,440.7392,10,3,-1.44999999999999,4.81,0.0
2020-01-02 11:00:00,462.7347,480.2586,11,3,0.07000000000005,4.62,0.0
2020-01-02 12:00:00,443.3018,460.5717,12,3,1.03000000000003,4.22,0.0
2020-01-02 13:00:00,364.2836,382.398,13,3,1.29000000000002,3.76,1e-06
2020-01-02 14:00:00,237.9685,253.7533,14,3,0.879999999999995,3.12,0.0
2020-01-02 15:00:00,90.4668,95.6422,15,3,-0.810000000000002,1.79,0.0
2020-01-02 16:00:00,1.7729,2.0955,16,3,-2.81999999999999,1.83,0.0
2020-01-02 17:00:00,0.0,0.0,17,3,-3.40999999999997,1.89,0.0
2020-01-02 18:00:00,0.0,0.0,18,3,-4.21999999999997,1.97,0.0
2020-01-02 19:00:00,0.0,0.0,19,3,-5.04999999999995,2.05,0.0
2020-01-02 20:00:00,0.0,0.0,20,3,-5.73999999999995,2.09,0.0
2020-01-02 21:00:00,0.0,0.0,21,3,-6.23999999999995,2.07,0.0
2020-01-02 22:00:00,0.0,0.0,22,3,-6.53999999999996,1.96,0.0
2020-01-02 23:00:00,0.0,0.0,23,3,-6.67999999999995,1.82,0.0
2020-01-03 00:00:00,0.0,0.0,0,4,-6.63999999999999,1.67,0.0
2020-01-03 01:00:00,0.0,0.0,1,4,-6.48999999999995,1.56,0.0
2020-01-03 02:00:00,0.0,0.0,2,4,-6.29999999999995,1.48,0.0
2020-01-03 03:00:00,0.0,0.0,3,4,-6.08999999999997,1.37,0.0
2020-01-03 04:00:00,0.0,0.0,4,4,-5.91999999999996,1.33,0.0
2020-01-03 05:00:00,0.0,0.0,5,4,-5.81,1.33,0.0
2020-01-03 06:00:00,0.0,0.0,6,4,-5.69999999999999,1.35,0.0
2020-01-03 07:00:00,43.8888,47.6599,7,4,-5.19,1.38,0.0
2020-01-03 08:00:00,164.0812,201.293,8,4,-2.53999999999996,1.24,0.0
2020-01-03 09:00:00,319.3365,340.4807,9,4,0.189999999999998,1.52,0.0
2020-01-03 10:00:00,417.0936,435.2158,10,4,2.25,1.68,0.0
2020-01-03 11:00:00,456.7752,474.9285,11,4,4.24000000000001,1.8,0.0
2020-01-03 12:00:00,437.768,455.8656,12,4,5.71000000000004,1.79,0.0
2020-01-03 13:00:00,361.5514,380.1402,13,4,5.96000000000004,1.53,0.0
2020-01-03 14:00:00,239.4903,255.4904,14,4,5.26000000000005,0.85,0.0
2020-01-03 15:00:00,97.6702,99.9862,15,4,3.78000000000003,0.69,0.0
2020-01-03 16:00:00,2.3416,2.605,16,4,2.68000000000001,0.65,0.0
2020-01-03 17:00:00,0.0,0.0,17,4,2.38,0.63,0.0
2020-01-03 18:00:00,0.0,0.0,18,4,2.07000000000005,0.65,0.0
2020-01-03 19:00:00,0.0,0.0,19,4,1.92000000000002,0.68,0.0
2020-01-03 20:00:00,0.0,0.0,20,4,1.89000000000004,0.66,0.0
2020-01-03 21:00:00,0.0,0.0,21,4,1.90000000000003,0.63,0.0
2020-01-03 22:00:00,0.0,0.0,22,4,1.86000000000001,0.77,0.0
2020-01-03 23:00:00,0.0,0.0,23,4,1.69,0.97,0.0
2020-01-04 00:00:00,0.0,0.0,0,5,1.42000000000002,1.07,0.0
2020-01-04 01:00:00,0.0,0.0,1,5,1.17000000000002,1.05,0.0
2020-01-04 02:00:00,0.0,0.0,2,5,0.900000000000034,0.98,0.0
2020-01-04 03:00:00,0.0,0.0,3,5,0.680000000000007,0.89,0.0
2020-01-04 04:00:00,0.0,0.0,4,5,0.510000000000048,0.71,0.0
2020-01-04 05:00:00,0.0,0.0,5,5,0.410000000000025,0.6,0.0
2020-01-04 06:00:00,0.0,0.0,6,5,0.29000000000002,0.64,0.0
2020-01-04 07:00:00,50.3205,50.6164,7,5,0.400000000000034,0.74,0.0
2020-01-04 08:00:00,198.5591,209.9098,8,5,1.66000000000003,0.81,0.0
2020-01-04 09:00:00,336.1089,352.1085,9,5,3.70000000000005,0.95,0.0
2020-01-04 10:00:00,416.7259,445.5377,10,5,5.03000000000003,1.24,0.0
2020-01-04 11:00:00,415.8858,482.9514,11,5,5.90000000000003,1.49,0.0
2020-01-04 12:00:00,387.1786,461.3285,12,5,6.29000000000002,1.74,0.0
2020-01-04 13:00:00,306.3148,380.4244,13,5,6.0,1.67,0.0
2020-01-04 14:00:00,197.0452,249.1992,14,5,4.71000000000004,1.31,0.0
2020-01-04 15:00:00,75.7269,92.8613,15,5,3.01000000000005,1.35,0.0
2020-01-04 16:00:00,2.3513,2.5066,16,5,2.45000000000005,1.18,0.0
2020-01-04 17:00:00,0.0,0.0,17,5,2.47000000000003,1.02,2.9e-05
2020-01-04 18:00:00,0.0,0.0,18,5,2.66000000000003,0.94,0.001126
2020-01-04 19:00:00,0.0,0.0,19,5,2.80000000000001,1.01,0.003182
2020-01-04 20:00:00,0.0,0.0,20,5,2.75,1.12,0.00452
2020-01-04 21:00:00,0.0,0.0,21,5,2.44,1.22,0.001794
2020-01-04 22:00:00,0.0,0.0,22,5,1.85000000000002,1.33,0.001087
2020-01-04 23:00:00,0.0,0.0,23,5,1.10000000000002,1.48,0.002907
2020-01-05 00:00:00,0.0,0.0,0,6,0.180000000000007,1.66,1.8e-05
2020-01-05 01:00:00,0.0,0.0,1,6,-0.42999999999995,1.98,0.000315
2020-01-05 02:00:00,0.0,0.0,2,6,-0.729999999999961,2.15,0.012045
2020-01-05 03:00:00,0.0,0.0,3,6,-0.810000000000002,2.42,0.03886
2020-01-05 04:00:00,0.0,0.0,4,6,-1.0,2.6,0.078673
2020-01-05 05:00:00,0.0,0.0,5,6,-1.17999999999995,2.35,0.012925
2020-01-05 06:00:00,0.0,0.0,6,6,-1.38,2.01,0.000552
2020-01-05 07:00:00,7.9561,44.2655,7,6,-1.41999999999996,1.97,0.000233
2020-01-05 08:00:00,76.746,195.2575,8,6,-0.449999999999989,2.71,0.000143
2020-01-05 09:00:00,127.8871,336.9163,9,6,0.360000000000014,3.9,0.002698
2020-01-05 10:00:00,129.9129,434.4883,10,6,0.870000000000005,5.14,0.005978
2020-01-05 11:00:00,153.9147,476.4565,11,6,1.07000000000005,6.0,0.003457
2020-01-05 12:00:00,145.4667,459.8061,12,6,0.720000000000027,6.83,0.002747
2020-01-05 13:00:00,156.106,384.2658,13,6,-0.0399999999999636,7.31,1e-06
2020-01-05 14:00:00,92.7594,257.5897,14,6,-0.849999999999966,7.42,1e-06
2020-01-05 15:00:00,51.3486,100.5329,15,6,-1.76999999999998,6.85,2e-06
2020-01-05 16:00:00,1.5965,3.0313,16,6,-2.75999999999999,6.66,1e-06
2020-01-05 17:00:00,0.0,0.0,17,6,-3.10999999999996,7.67,3e-06
2020-01-05 18:00:00,0.0,0.0,18,6,-3.38,8.05,1.1e-05
2020-01-05 19:00:00,0.0,0.0,19,6,-3.64999999999998,8.14,1.5e-05
2020-01-05 20:00:00,0.0,0.0,20,6,-3.87,8.23,7e-06
2020-01-05 21:00:00,0.0,0.0,21,6,-4.0,8.37,5e-06
2020-01-05 22:00:00,0.0,0.0,22,6,-4.25,8.39,4e-06
2020-01-05 23:00:00,0.0,0.0,23,6,-4.64999999999998,8.14,1e-06
2020-01-06 00:00:00,0.0,0.0,0,0,-5.04999999999995,7.98,0.0
2020-01-06 01:00:00,0.0,0.0,1,0,-5.34999999999997,7.95,0.0
2020-01-06 02:00:00,0.0,0.0,2,0,-5.75999999999999,7.67,0.0
2020-01-06 03:00:00,0.0,0.0,3,0,-6.15999999999997,7.33,0.0
2020-01-06 04:00:00,0.0,0.0,4,0,-6.53999999999996,6.91,0.0
2020-01-06 05:00:00,0.0,0.0,5,0,-6.81,6.63,0.0
2020-01-06 06:00:00,0.0,0.0,6,0,-7.06999999999999,6.34,0.0
2020-01-06 07:00:00,44.7899,49.543,7,0,-6.94,6.36,0.0
2020-01-06 08:00:00,163.6343,207.8469,8,0,-5.81,6.97,0.0
2020-01-06 09:00:00,278.8255,351.5128,9,0,-4.28999999999996,7.94,0.0
2020-01-06 10:00:00,378.2346,449.6251,10,0,-3.06999999999999,8.86,1e-06
2020-01-06 11:00:00,427.2661,491.0033,11,0,-2.44,9.01,1e-06
2020-01-06 12:00:00,374.0882,472.9691,12,0,-2.03999999999996,8.93,1e-06
2020-01-06 13:00:00,316.4634,395.3704,13,0,-1.95999999999998,8.75,1e-06
2020-01-06 14:00:00,204.9409,265.9149,14,0,-2.25999999999999,8.29,1e-06
2020-01-06 15:00:00,87.6889,105.5987,15,0,-3.04999999999995,7.3,2e-06
2020-01-06 16:00:00,3.2768,3.5831,16,0,-4.23999999999995,6.08,2e-06
2020-01-06 17:00:00,0.0,0.0,17,0,-4.95999999999998,5.63,2e-06
2020-01-06 18:00:00,0.0,0.0,18,0,-5.59999999999997,5.35,2e-06
2020-01-06 19:00:00,0.0,0.0,19,0,-6.15999999999997,5.17,0.0
2020-01-06 20:00:00,0.0,0.0,20,0,-6.65999999999997,4.98,0.0
2020-01-06 21:00:00,0.0,0.0,21,0,-7.07999999999998,4.85,0.0
2020-01-06 22:00:00,0.0,0.0,22,0,-7.56999999999999,4.56,0.0
2020-01-06 23:00:00,0.0,0.0,23,0,-7.96999999999997,4.47,0.0
2020-01-07 00:00:00,0.0,0.0,0,1,-8.31999999999999,4.44,0.0
2020-01-07 01:00:00,0.0,0.0,1,1,-8.73999999999995,4.33,0.0
2020-01-07 02:00:00,0.0,0.0,2,1,-9.02999999999997,4.39,0.0
2020-01-07 03:00:00,0.0,0.0,3,1,-9.21999999999997,4.46,0.0
2020-01-07 04:00:00,0.0,0.0,4,1,-9.28999999999996,4.42,0.0
2020-01-07 05:00:00,0.0,0.0,5,1,-9.34999999999997,4.26,0.0
2020-01-07 06:00:00,0.0,0.0,6,1,-9.41999999999996,4.09,0.0
2020-01-07 07:00:00,47.4024,51.1994,7,1,-8.89999999999998,4.28,0.0
2020-01-07 08:00:00,189.6829,213.3464,8,1,-7.01999999999998,5.07,0.0
2020-01-07 09:00:00,345.6494,359.9792,9,1,-4.75999999999999,5.97,0.0
2020-01-07 10:00:00,447.5919,460.995,10,1,-2.79999999999995,5.97,0.0
2020-01-07 11:00:00,491.3743,505.2996,11,1,-1.34999999999997,5.57,0.0
2020-01-07 12:00:00,475.7404,488.8272,12,1,-0.399999999999977,5.16,0.0
2020-01-07 13:00:00,397.662,411.0914,13,1,-0.0600000000000023,4.66,0.0
2020-01-07 14:00:00,265.5765,279.8303,14,1,-0.310000000000002,4.04,0.0
2020-01-07 15:00:00,110.3025,115.0321,15,1,-1.69,2.5,0.0
2020-01-07 16:00:00,3.4525,4.4335,16,1,-4.08999999999997,2.22,0.0
2020-01-07 17:00:00,0.0,0.0,17,1,-5.13999999999999,2.39,0.0
2020-01-07 18:00:00,0.0,0.0,18,1,-5.89999999999998,2.46,0.0
2020-01-07 19:00:00,0.0,0.0,19,1,-6.46999999999997,2.41,0.0
2020-01-07 20:00:00,0.0,0.0,20,1,-6.96999999999997,2.44,0.0
2020-01-07 21:00:00,0.0,0.0,21,1,-7.34999999999997,2.42,0.0
2020-01-07 22:00:00,0.0,0.0,22,1,-7.72999999999996,2.41,0.0
2020-01-07 23:00:00,0.0,0.0,23,1,-8.08999999999997,2.37,0.0
2020-01-08 00:00:00,0.0,0.0,0,2,-8.42999999999995,2.36,0.0
2020-01-08 01:00:00,0.0,0.0,1,2,-8.70999999999998,2.4,0.0
2020-01-08 02:00:00,0.0,0.0,2,2,-8.94,2.43,0.0
2020-01-08 03:00:00,0.0,0.0,3,2,-9.13999999999999,2.47,0.0
2020-01-08 04:00:00,0.0,0.0,4,2,-9.27999999999997,2.5,0.0
2020-01-08 05:00:00,0.0,0.0,5,2,-9.38999999999999,2.56,0.0
2020-01-08 06:00:00,0.0,0.0,6,2,-9.5,2.62,0.0
2020-01-08 07:00:00,48.5089,48.7829,7,2,-8.69,2.63,0.0
2020-01-08 08:00:00,194.4671,206.5017,8,2,-5.69999999999999,3.3,0.0
2020-01-08 09:00:00,332.7214,350.4883,9,2,-3.59999999999997,4.33,0.0
2020-01-08 10:00:00,432.19,449.4595,10,2,-1.59999999999997,5.01,0.0
2020-01-08 11:00:00,474.4343,492.2953,11,2,0.0100000000000477,4.91,0.0
2020-01-08 12:00:00,457.6849,475.2639,12,2,1.04000000000002,4.59,0.0
2020-01-08 13:00:00,381.8264,399.7727,13,2,1.40000000000003,4.15,0.0
2020-01-08 14:00:00,256.8442,273.4564,14,2,1.08000000000004,3.43,0.0
2020-01-08 15:00:00,106.2765,114.184,15,2,-0.729999999999961,2.02,0.0
2020-01-08 16:00:00,4.3986,4.8645,16,2,-2.98999999999995,2.07,0.0
2020-01-08 17:00:00,0.0,0.0,17,2,-3.66999999999996,2.02,0.0
2020-01-08 18:00:00,0.0,0.0,18,2,-4.44,2.03,0.0
2020-01-08 19:00:00,0.0,0.0,19,2,-5.13999999999999,2.02,0.0
2020-01-08 20:00:00,0.0,0.0,20,2,-5.63999999999999,1.97,0.0
2020-01-08 21:00:00,0.0,0.0,21,2,-6.03999999999996,1.88,0.0
2020-01-08 22:00:00,0.0,0.0,22,2,-6.38999999999999,1.71,0.0
2020-01-08 23:00:00,0.0,0.0,23,2,-6.65999999999997,1.55,0.0
2020-01-09 00:00:00,0.0,0.0,0,3,-6.91999999999996,1.47,0.0
2020-01-09 01:00:00,0.0,0.0,1,3,-7.06,1.32,0.0
2020-01-09 02:00:00,0.0,0.0,2,3,-7.0,1.1,0.0
2020-01-09 03:00:00,0.0,0.0,3,3,-6.82999999999998,0.84,0.0
2020-01-09 04:00:00,0.0,0.0,4,3,-6.73999999999995,0.67,0.0
2020-01-09 05:00:00,0.0,0.0,5,3,-6.77999999999997,0.68,0.0
2020-01-09 06:00:00,0.0,0.0,6,3,-6.87,0.74,0.0
2020-01-09 07:00:00,42.7069,51.4138,7,3,-6.48999999999995,0.8,0.0
2020-01-09 08:00:00,184.5107,211.9007,8,3,-4.22999999999996,0.79,0.0
2020-01-09 09:00:00,339.7048,356.4532,9,3,-1.91999999999996,1.15,0.0
2020-01-09 10:00:00,439.1619,455.544,10,3,0.28000000000003,1.19,0.0
2020-01-09 11:00:00,481.1529,498.4107,11,3,2.61000000000001,1.08,0.0
2020-01-09 12:00:00,464.2895,481.325,12,3,4.0,0.83,0.0
2020-01-09 13:00:00,388.8199,406.0659,13,3,4.53000000000003,0.49,0.0
2020-01-09 14:00:00,263.6753,280.0429,14,3,4.24000000000001,0.22,0.0
2020-01-09 15:00:00,116.0807,119.9936,15,3,3.15000000000003,0.23,0.0
2020-01-09 16:00:00,5.436,5.7924,16,3,2.16000000000003,0.55,0.0
2020-01-09 17:00:00,0.0,0.0,17,3,1.67000000000002,0.71,0.0
2020-01-09 18:00:00,0.0,0.0,18,3,1.29000000000002,0.77,0.0
2020-01-09 19:00:00,0.0,0.0,19,3,0.920000000000016,0.84,0.0
2020-01-09 20:00:00,0.0,0.0,20,3,0.710000000000036,0.93,0.0
2020-01-09 21:00:00,0.0,0.0,21,3,0.57000000000005,1.04,0.0
2020-01-09 22:00:00,0.0,0.0,22,3,0.300000000000011,1.2,0.0
2020-01-09 23:00:00,0.0,0.0,23,3,-0.20999999999998,1.39,0.0
2020-01-10 00:00:00,0.0,0.0,0,4,-0.829999999999984,1.51,0.0
2020-01-10 01:00:00,0.0,0.0,1,4,-1.17999999999995,1.61,0.0
2020-01-10 02:00:00,0.0,0.0,2,4,-1.48999999999995,1.68,0.0
2020-01-10 03:00:00,0.0,0.0,3,4,-1.72999999999996,1.68,0.0
2020-01-10 04:00:00,0.0,0.0,4,4,-1.88,1.52,0.0
2020-01-10 05:00:00,0.0,0.0,5,4,-1.76999999999998,1.21,0.0
2020-01-10 06:00:00,0.0,0.0,6,4,-1.75999999999999,0.86,0.0
2020-01-10 07:00:00,47.094,48.3678,7,4,-1.48999999999995,0.58,0.0
2020-01-10 08:00:00,190.8322,202.5897,8,4,0.390000000000043,0.48,0.0
2020-01-10 09:00:00,325.5345,343.6229,9,4,2.52000000000004,0.71,0.0
2020-01-10 10:00:00,421.4959,439.7769,10,4,4.30000000000001,1.01,0.0
2020-01-10 11:00:00,461.4013,479.9778,11,4,6.08000000000004,1.42,0.0
2020-01-10 12:00:00,443.3879,461.697,12,4,7.35000000000002,1.73,0.0
2020-01-10 13:00:00,369.3225,386.8687,13,4,7.25,1.62,0.0
2020-01-10 14:00:00,248.2121,262.9786,14,4,6.27000000000004,1.15,0.0
2020-01-10 15:00:00,104.6518,109.2604,15,4,4.83000000000004,0.84,0.0
2020-01-10 16:00:00,4.7427,5.2901,16,4,4.12,0.37,0.0
2020-01-10 17:00:00,0.0,0.0,17,4,3.81,0.42,0.0
2020-01-10 18:00:00,0.0,0.0,18,4,3.52000000000004,0.69,0.0
2020-01-10 19:00:00,0.0,0.0,19,4,3.51000000000005,0.76,0.0
2020-01-10 20:00:00,0.0,0.0,20,4,3.38,0.71,0.0
2020-01-10 21:00:00,0.0,0.0,21,4,3.24000000000001,0.64,0.0
2020-01-10 22:00:00,0.0,0.0,22,4,3.20000000000005,0.64,1e-06
2020-01-10 23:00:00,0.0,0.0,23,4,3.10000000000002,0.83,2e-06
2020-01-11 00:00:00,0.0,0.0,0,5,2.74000000000001,1.09,9e-06
2020-01-11 01:00:00,0.0,0.0,1,5,2.49000000000001,1.21,3.7e-05
2020-01-11 02:00:00,0.0,0.0,2,5,2.36000000000001,1.18,0.000125
2020-01-11 03:00:00,0.0,0.0,3,5,2.20000000000005,1.16,0.000431
2020-01-11 04:00:00,0.0,0.0,4,5,1.81,1.31,0.00105
2020-01-11 05:00:00,0.0,0.0,5,5,1.28000000000003,1.51,0.002592
2020-01-11 06:00:00,0.0,0.0,6,5,0.720000000000027,1.65,0.006003
2020-01-11 07:00:00,24.7737,42.7597,7,5,0.689999999999998,1.7,0.012806
2020-01-11 08:00:00,60.7074,187.6238,8,5,1.98000000000002,1.73,0.028288
2020-01-11 09:00:00,128.289,325.3118,9,5,2.93000000000001,2.27,0.058469
2020-01-11 10:00:00,130.1645,421.3291,10,5,3.59000000000003,2.36,0.171901
2020-01-11 11:00:00,78.4074,464.1012,11,5,3.92000000000002,2.21,0.448815
2020-01-11 12:00:00,122.5699,449.2163,12,5,3.81,2.36,0.669523
2020-01-11 13:00:00,105.7693,373.7763,13,5,3.38,2.5,0.636321
2020-01-11 14:00:00,63.8929,246.3135,14,5,2.63,2.49,0.581377
2020-01-11 15:00:00,32.7736,96.4975,15,5,1.37,2.3,0.639907
2020-01-11 16:00:00,3.1913,4.9563,16,5,0.29000000000002,2.25,0.765962
2020-01-11 17:00:00,0.0,0.0,17,5,-0.0699999999999932,1.94,0.533354
2020-01-11 18:00:00,0.0,0.0,18,5,-0.21999999999997,1.75,0.454973
2020-01-11 19:00:00,0.0,0.0,19,5,-0.329999999999984,1.74,0.336758
2020-01-11 20:00:00,0.0,0.0,20,5,-0.379999999999995,1.78,0.200181
2020-01-11 21:00:00,0.0,0.0,21,5,-0.399999999999977,1.85,0.270207
2020-01-11 22:00:00,0.0,0.0,22,5,-0.419999999999959,2.04,0.233137
2020-01-11 23:00:00,0.0,0.0,23,5,-0.42999999999995,2.18,0.09946
2020-01-12 00:00:00,0.0,0.0,0,6,-0.529999999999973,2.27,0.027149
2020-01-12 01:00:00,0.0,0.0,1,6,-0.839999999999975,2.42,0.023417
2020-01-12 02:00:00,0.0,0.0,2,6,-0.939999999999998,2.69,0.045284
2020-01-12 03:00:00,0.0,0.0,3,6,-1.01999999999998,2.8,0.019529
2020-01-12 04:00:00,0.0,0.0,4,6,-1.10999999999996,2.68,0.000291
2020-01-12 05:00:00,0.0,0.0,5,6,-1.13999999999999,2.6,0.000494
2020-01-12 06:00:00,0.0,0.0,6,6,-1.22999999999996,2.42,0.000378
2020-01-12 07:00:00,13.2697,43.109,7,6,-0.829999999999984,2.49,0.000145
2020-01-12 08:00:00,52.9083,189.6861,8,6,0.180000000000007,3.22,0.00897
2020-01-12 09:00:00,92.4029,330.3291,9,6,1.04000000000002,3.67,0.052547
2020-01-12 10:00:00,97.2436,428.7828,10,6,1.69,3.73,0.048469
2020-01-12 11:00:00,102.8463,473.0417,11,6,2.11000000000001,3.6,0.044163
2020-01-12 12:00:00,116.2032,459.0274,12,6,2.21000000000004,3.44,0.040214
2020-01-12 13:00:00,144.0609,388.115,13,6,2.14000000000004,3.32,0.034101
2020-01-12 14:00:00,104.3288,267.8815,14,6,1.83000000000004,3.1,0.022677
2020-01-12 15:00:00,77.7001,116.2447,15,6,0.860000000000014,2.27,0.009599
2020-01-12 16:00:00,6.2723,6.8278,16,6,-0.5,2.03,0.004146
2020-01-12 17:00:00,0.0,0.0,17,6,-0.870000000000005,2.06,0.001099
2020-01-12 18:00:00,0.0,0.0,18,6,-1.04999999999995,2.09,0.001179
2020-01-12 19:00:00,0.0,0.0,19,6,-1.03999999999996,2.03,0.001344
2020-01-12 20:00:00,0.0,0.0,20,6,-1.00999999999999,1.93,0.000861
2020-01-12 21:00:00,0.0,0.0,21,6,-0.949999999999989,1.76,0.000326
2020-01-12 22:00:00,0.0,0.0,22,6,-0.899999999999977,1.62,0.000509
2020-01-12 23:00:00,0.0,0.0,23,6,-0.810000000000002,1.56,0.000676
2020-01-13 00:00:00,0.0,0.0,0,0,-0.879999999999995,1.58,0.000613
2020-01-13 01:00:00,0.0,0.0,1,0,-0.919999999999959,1.57,0.001406
2020-01-13 02:00:00,0.0,0.0,2,0,-1.03999999999996,1.54,0.003788
2020-01-13 03:00:00,0.0,0.0,3,0,-1.19,1.48,0.002903
2020-01-13 04:00:00,0.0,0.0,4,0,-1.34999999999997,1.49,0.002246
2020-01-13 05:00:00,0.0,0.0,5,0,-1.39999999999998,1.55,0.001798
2020-01-13 06:00:00,0.0,0.0,6,0,-1.62,1.63,0.001477
2020-01-13 07:00:00,40.8297,47.5386,7,0,-1.22999999999996,1.7,0.001026
2020-01-13 08:00:00,125.3666,200.8246,8,0,0.57000000000005,2.01,0.000481
2020-01-13 09:00:00,283.6646,343.6668,9,0,2.07000000000005,2.1,0.00034
2020-01-13 10:00:00,424.912,443.0903,10,0,3.91000000000003,1.8,4.4e-05
2020-01-13 11:00:00,407.1478,487.3877,11,0,5.26000000000005,1.65,0.000144
2020-01-13 12:00:00,454.2136,472.682,12,0,5.90000000000003,1.58,3.1e-05
2020-01-13 13:00:00,380.8023,398.5192,13,0,5.99000000000001,1.54,6.3e-05
2020-01-13 14:00:00,257.0675,272.6405,14,0,5.39000000000004,1.18,0.000484
2020-01-13 15:00:00,98.9008,116.3415,15,0,3.88,0.83,0.001107
2020-01-13 16:00:00,7.0802,7.0802,16,0,2.60000000000002,0.63,0.000935
2020-01-13 17:00:00,0.0,0.0,17,0,2.26000000000005,0.34,8.9e-05
2020-01-13 18:00:00,0.0,0.0,18,0,1.68000000000001,0.07,2.3e-05
2020-01-13 19:00:00,0.0,0.0,19,0,0.75,0.61,2.1e-05
2020-01-13 20:00:00,0.0,0.0,20,0,0.0800000000000409,1.1,1.4e-05
2020-01-13 21:00:00,0.0,0.0,21,0,-0.129999999999995,1.17,1e-05
2020-01-13 22:00:00,0.0,0.0,22,0,-0.089999999999975,1.05,6e-06
2020-01-13 23:00:00,0.0,0.0,23,0,0.230000000000018,0.99,3e-06
2020-01-14 00:00:00,0.0,0.0,0,1,0.410000000000025,0.97,2e-06
2020-01-14 01:00:00,0.0,0.0,1,1,0.53000000000003,0.96,1e-06
2020-01-14 02:00:00,0.0,0.0,2,1,0.610000000000014,0.97,1e-06
2020-01-14 03:00:00,0.0,0.0,3,1,0.660000000000025,0.96,2e-06
2020-01-14 04:00:00,0.0,0.0,4,1,0.660000000000025,0.93,3e-06
2020-01-14 05:00:00,0.0,0.0,5,1,0.629999999999995,0.85,5e-06
2020-01-14 06:00:00,0.0,0.0,6,1,0.520000000000039,0.72,6e-06
2020-01-14 07:00:00,37.0518,48.079,7,1,0.810000000000002,0.59,9e-06
2020-01-14 08:00:00,120.1175,201.6949,8,1,2.32000000000005,0.53,1.1e-05
2020-01-14 09:00:00,159.1476,344.8887,9,1,4.04000000000002,0.63,1.3e-05
2020-01-14 10:00:00,224.4199,444.9907,10,1,5.89000000000004,1.16,2.1e-05
2020-01-14 11:00:00,242.9819,490.3817,11,1,6.72000000000003,1.43,4.9e-05
2020-01-14 12:00:00,213.2613,476.6774,12,1,7.02000000000004,1.56,6.5e-05
2020-01-14 13:00:00,214.4494,404.996,13,1,6.89000000000004,1.43,5.7e-05
2020-01-14 14:00:00,161.7559,282.6574,14,1,6.20000000000005,0.96,5.3e-05
2020-01-14 15:00:00,72.1276,126.9008,15,1,4.76000000000005,0.54,5e-05
2020-01-14 16:00:00,5.3265,8.82,16,1,3.54000000000002,0.39,4.9e-05
2020-01-14 17:00:00,0.0,0.0,17,1,3.01000000000005,0.3,4.8e-05
2020-01-14 18:00:00,0.0,0.0,18,1,2.40000000000003,0.21,4.4e-05
2020-01-14 19:00:00,0.0,0.0,19,1,1.80000000000001,0.15,3.9e-05
2020-01-14 20:00:00,0.0,0.0,20,1,1.44,0.08,3.3e-05
2020-01-14 21:00:00,0.0,0.0,21,1,1.12,0.04,2.7e-05
2020-01-14 22:00:00,0.0,0.0,22,1,0.900000000000034,0.21,2.1e-05
2020-01-14 23:00:00,0.0,0.0,23,1,0.79000000000002,0.34,1.7e-05
2020-01-15 00:00:00,0.0,0.0,0,2,0.689999999999998,0.45,1.3e-05
2020-01-15 01:00:00,0.0,0.0,1,2,0.600000000000023,0.63,1e-05
2020-01-15 02:00:00,0.0,0.0,2,2,0.360000000000014,0.79,8e-06
2020-01-15 03:00:00,0.0,0.0,3,2,0.0900000000000318,0.93,6e-06
2020-01-15 04:00:00,0.0,0.0,4,2,-0.279999999999973,1.01,4e-06
2020-01-15 05:00:00,0.0,0.0,5,2,-0.729999999999961,1.09,7e-06
2020-01-15 06:00:00,0.0,0.0,6,2,-1.08999999999997,1.15,0.000109
2020-01-15 07:00:00,39.7583,52.9403,7,2,-0.829999999999984,1.13,4e-06
2020-01-15 08:00:00,123.171,213.5867,8,2,1.09000000000003,1.33,7e-06
2020-01-15 09:00:00,203.2444,360.3524,9,2,2.51000000000005,1.81,9.4e-05
2020-01-15 10:00:00,281.4209,462.2671,10,2,4.12,2.09,5.8e-05
2020-01-15 11:00:00,258.4165,507.9336,11,2,5.18000000000001,2.03,1e-06
2020-01-15 12:00:00,268.8322,493.62,12,2,5.83000000000004,1.86,1e-06
2020-01-15 13:00:00,332.6859,419.2718,13,2,5.92000000000002,1.71,0.0
2020-01-15 14:00:00,274.9891,292.2704,14,2,5.24000000000001,1.42,0.0
2020-01-15 15:00:00,126.8696,131.6404,15,2,3.10000000000002,1.38,0.0
2020-01-15 16:00:00,8.5176,9.7456,16,2,1.17000000000002,1.55,0.0
2020-01-15 17:00:00,0.0,0.0,17,2,0.29000000000002,1.56,0.0
2020-01-15 18:00:00,0.0,0.0,18,2,-0.339999999999975,1.55,0.0
2020-01-15 19:00:00,0.0,0.0,19,2,-0.75,1.58,1e-06
2020-01-15 20:00:00,0.0,0.0,20,2,-0.95999999999998,1.63,4e-05
2020-01-15 21:00:00,0.0,0.0,21,2,-1.07999999999998,1.68,3.7e-05
2020-01-15 22:00:00,0.0,0.0,22,2,-0.989999999999952,1.67,0.0
2020-01-15 23:00:00,0.0,0.0,23,2,-0.909999999999968,1.64,0.0
2020-01-16 00:00:00,0.0,0.0,0,3,-0.789999999999964,1.55,0.0
2020-01-16 01:00:00,0.0,0.0,1,3,-0.689999999999998,1.46,0.0
2020-01-16 02:00:00,0.0,0.0,2,3,-0.560000000000002,1.35,0.0
2020-01-16 03:00:00,0.0,0.0,3,3,-0.279999999999973,1.22,0.0
2020-01-16 04:00:00,0.0,0.0,4,3,-0.20999999999998,1.07,0.0
2020-01-16 05:00:00,0.0,0.0,5,3,-0.419999999999959,0.94,0.0
2020-01-16 06:00:00,0.0,0.0,6,3,-0.799999999999955,1.0,0.0
2020-01-16 07:00:00,43.1239,55.2624,7,3,-0.829999999999984,1.12,0.0
2020-01-16 08:00:00,139.2056,220.3558,8,3,1.03000000000003,1.27,0.0
2020-01-16 09:00:00,180.0658,371.3033,9,3,2.75,1.83,0.0
2020-01-16 10:00:00,251.5079,475.407,10,3,4.41000000000003,2.17,0.0
2020-01-16 11:00:00,254.425,520.7493,11,3,5.84000000000003,2.37,0.0
2020-01-16 12:00:00,308.484,505.2076,12,3,6.54000000000002,2.46,0.0
2020-01-16 13:00:00,292.9571,429.4828,13,3,6.66000000000003,2.4,0.0
2020-01-16 14:00:00,212.7549,301.4025,14,3,5.75,1.83,0.0
2020-01-16 15:00:00,105.3203,138.4846,15,3,2.98000000000002,1.71,0.0
2020-01-16 16:00:00,9.1382,11.1127,16,3,0.760000000000048,1.91,0.0
2020-01-16 17:00:00,0.0,0.0,17,3,-0.120000000000005,2.03,0.0
2020-01-16 18:00:00,0.0,0.0,18,3,-0.67999999999995,2.16,0.0
2020-01-16 19:00:00,0.0,0.0,19,3,-1.06999999999999,2.26,0.0
2020-01-16 20:00:00,0.0,0.0,20,3,-1.32999999999998,2.32,0.0
2020-01-16 21:00:00,0.0,0.0,21,3,-1.48999999999995,2.33,0.0
2020-01-16 22:00:00,0.0,0.0,22,3,-1.63,2.29,0.0
2020-01-16 23:00:00,0.0,0.0,23,3,-1.75,2.26,0.0
2020-01-17 00:00:00,0.0,0.0,0,4,-1.82999999999998,2.27,0.0
2020-01-17 01:00:00,0.0,0.0,1,4,-1.92999999999995,2.28,0.0
2020-01-17 02:00:00,0.0,0.0,2,4,-2.10999999999996,2.25,0.0
2020-01-17 03:00:00,0.0,0.0,3,4,-2.35999999999996,2.25,0.0
2020-01-17 04:00:00,0.0,0.0,4,4,-2.78999999999996,2.32,0.0
2020-01-17 05:00:00,0.0,0.0,5,4,-3.19999999999999,2.41,0.0
2020-01-17 06:00:00,0.0,0.0,6,4,-3.53999999999996,2.46,0.0
2020-01-17 07:00:00,43.4176,54.8278,7,4,-2.70999999999998,2.37,0.0
2020-01-17 08:00:00,149.6356,217.2518,8,4,-0.0299999999999727,2.96,0.0
2020-01-17 09:00:00,261.5445,364.8399,9,4,1.89000000000004,3.54,0.0
2020-01-17 10:00:00,326.1179,467.0068,10,4,3.45000000000005,3.72,0.0
2020-01-17 11:00:00,455.6085,512.9305,11,4,4.53000000000003,3.54,0.0
2020-01-17 12:00:00,479.2658,498.1658,12,4,5.11000000000001,3.24,0.0
2020-01-17 13:00:00,407.1676,425.5899,13,4,5.14000000000004,2.91,0.0
2020-01-17 14:00:00,271.0587,302.3913,14,4,4.45000000000005,2.35,0.0
2020-01-17 15:00:00,114.4456,143.1617,15,4,2.17000000000002,1.77,0.0
2020-01-17 16:00:00,10.0873,12.6818,16,4,0.25,1.93,0.0
2020-01-17 17:00:00,0.0,0.0,17,4,-0.289999999999964,1.93,0.0
2020-01-17 18:00:00,0.0,0.0,18,4,-0.629999999999995,1.97,0.0
2020-01-17 19:00:00,0.0,0.0,19,4,-0.899999999999977,2.06,0.0
2020-01-17 20:00:00,0.0,0.0,20,4,-1.15999999999997,2.14,0.0
2020-01-17 21:00:00,0.0,0.0,21,4,-1.38999999999999,2.14,0.0
2020-01-17 22:00:00,0.0,0.0,22,4,-1.51999999999998,2.08,0.0
2020-01-17 23:00:00,0.0,0.0,23,4,-1.70999999999998,1.99,0.0
2020-01-18 00:00:00,0.0,0.0,0,5,-1.87,1.89,0.0
2020-01-18 01:00:00,0.0,0.0,1,5,-1.96999999999997,1.77,0.0
2020-01-18 02:00:00,0.0,0.0,2,5,-2.04999999999995,1.65,0.0
2020-01-18 03:00:00,0.0,0.0,3,5,-2.00999999999999,1.55,3e-06
2020-01-18 04:00:00,0.0,0.0,4,5,-1.83999999999997,1.5,0.001051
2020-01-18 05:00:00,0.0,0.0,5,5,-1.51999999999998,1.33,0.010948
2020-01-18 06:00:00,0.0,0.0,6,5,-1.37,1.05,0.022354
2020-01-18 07:00:00,36.1164,54.4138,7,5,-0.92999999999995,0.89,0.020271
2020-01-18 08:00:00,129.7457,215.6838,8,5,0.0200000000000387,0.81,0.02142
2020-01-18 09:00:00,170.4597,364.428,9,5,1.29000000000002,0.84,0.02118
2020-01-18 10:00:00,224.6365,467.9073,10,5,2.68000000000001,0.85,0.016166
2020-01-18 11:00:00,411.4188,514.3339,11,5,3.78000000000003,1.08,0.01727
2020-01-18 12:00:00,481.1785,500.1744,12,5,4.37,1.25,0.019039
2020-01-18 13:00:00,404.3854,422.4356,13,5,4.53000000000003,1.22,0.013644
2020-01-18 14:00:00,274.5747,289.6561,14,5,4.12,1.06,0.013076
2020-01-18 15:00:00,123.4778,127.8471,15,5,2.63,0.77,0.014426
2020-01-18 16:00:00,9.2611,10.9484,16,5,1.39000000000004,0.94,0.023358
2020-01-18 17:00:00,0.0,0.0,17,5,0.860000000000014,1.15,0.033783
2020-01-18 18:00:00,0.0,0.0,18,5,0.460000000000036,1.37,0.033049
2020-01-18 19:00:00,0.0,0.0,19,5,0.0600000000000023,1.52,0.016186
2020-01-18 20:00:00,0.0,0.0,20,5,-0.21999999999997,1.59,0.011487
2020-01-18 21:00:00,0.0,0.0,21,5,-0.409999999999968,1.62,0.011007
2020-01-18 22:00:00,0.0,0.0,22,5,-0.539999999999964,1.63,0.010611
2020-01-18 23:00:00,0.0,0.0,23,5,-0.609999999999957,1.58,0.01286
2020-01-19 00:00:00,0.0,0.0,0,6,-0.70999999999998,1.5,0.053316
2020-01-19 01:00:00,0.0,0.0,1,6,-0.739999999999952,1.39,0.158
2020-01-19 02:00:00,0.0,0.0,2,6,-0.889999999999986,1.34,0.162985
2020-01-19 03:00:00,0.0,0.0,3,6,-1.07999999999998,1.33,0.110353
2020-01-19 04:00:00,0.0,0.0,4,6,-1.22999999999996,1.33,0.089986
2020-01-19 05:00:00,0.0,0.0,5,6,-1.33999999999997,1.44,0.056233
2020-01-19 06:00:00,0.0,0.0,6,6,-1.44999999999999,1.52,0.027748
2020-01-19 07:00:00,25.9094,52.3038,7,6,-1.02999999999997,1.66,0.024189
2020-01-19 08:00:00,150.3486,208.8199,8,6,-0.109999999999957,2.31,0.020501
2020-01-19 09:00:00,196.127,354.7034,9,6,0.980000000000018,2.35,0.020286
2020-01-19 10:00:00,178.2492,457.0788,10,6,2.0,2.08,0.02396
2020-01-19 11:00:00,156.0961,504.3517,11,6,3.02000000000004,1.45,0.048954
2020-01-19 12:00:00,197.9898,492.3285,12,6,3.61000000000001,0.95,0.045567
2020-01-19 13:00:00,214.4056,421.9205,13,6,3.80000000000001,0.96,0.046462
2020-01-19 14:00:00,147.7179,300.1494,14,6,3.27000000000004,1.42,0.035822
2020-01-19 15:00:00,70.8499,143.4001,15,6,1.80000000000001,1.57,0.030141
2020-01-19 16:00:00,5.8012,14.0429,16,6,0.0400000000000205,1.82,0.024803
2020-01-19 17:00:00,0.0,0.0,17,6,-0.75,1.99,0.015583
2020-01-19 18:00:00,0.0,0.0,18,6,-1.21999999999997,2.13,0.006722
2020-01-19 19:00:00,0.0,0.0,19,6,-1.53999999999996,2.14,9e-06
2020-01-19 20:00:00,0.0,0.0,20,6,-1.84999999999997,2.2,5e-06
2020-01-19 21:00:00,0.0,0.0,21,6,-2.07999999999998,2.4,5e-06
2020-01-19 22:00:00,0.0,0.0,22,6,-2.32999999999998,2.58,4e-06
2020-01-19 23:00:00,0.0,0.0,23,6,-2.64999999999998,2.76,3e-06
2020-01-20 00:00:00,0.0,0.0,0,0,-2.94,2.89,2e-06
2020-01-20 01:00:00,0.0,0.0,1,0,-3.12,3.09,1e-06
2020-01-20 02:00:00,0.0,0.0,2,0,-3.38,3.28,1e-06
2020-01-20 03:00:00,0.0,0.0,3,0,-3.69,3.37,0.0
2020-01-20 04:00:00,0.0,0.0,4,0,-4.08999999999997,3.3,0.0
2020-01-20 05:00:00,0.0,0.0,5,0,-4.46999999999997,3.34,0.0
2020-01-20 06:00:00,0.0,0.0,6,0,-4.78999999999996,3.46,0.0
2020-01-20 07:00:00,31.5385,58.3209,7,0,-4.32999999999998,3.99,0.0
2020-01-20 08:00:00,116.1706,221.4375,8,0,-3.02999999999997,4.54,0.0
2020-01-20 09:00:00,174.8694,369.6365,9,0,-1.57999999999998,4.59,0.0
2020-01-20 10:00:00,252.9825,473.6113,10,0,-0.319999999999993,4.35,0.0
2020-01-20 11:00:00,289.6299,521.8366,11,0,0.57000000000005,3.93,0.0
2020-01-20 12:00:00,390.3841,509.6451,12,0,1.10000000000002,3.44,1e-06
2020-01-20 13:00:00,301.5516,436.8557,13,0,1.12,3.46,2e-06
2020-01-20 14:00:00,200.0758,310.3637,14,0,0.640000000000043,3.7,0.0
2020-01-20 15:00:00,100.7535,147.9527,15,0,-0.549999999999955,3.22,0.0
2020-01-20 16:00:00,11.8488,14.9825,16,0,-2.78999999999996,2.37,0.0
2020-01-20 17:00:00,0.0,0.0,17,0,-3.32999999999998,2.33,0.0
2020-01-20 18:00:00,0.0,0.0,18,0,-3.60999999999996,2.47,0.0
2020-01-20 19:00:00,0.0,0.0,19,0,-4.00999999999999,2.64,0.0
2020-01-20 20:00:00,0.0,0.0,20,0,-4.44999999999999,2.82,0.0
2020-01-20 21:00:00,0.0,0.0,21,0,-4.79999999999995,3.08,0.0
2020-01-20 22:00:00,0.0,0.0,22,0,-5.32999999999998,3.19,0.0
2020-01-20 23:00:00,0.0,0.0,23,0,-6.0,3.02,0.0
2020-01-21 00:00:00,0.0,0.0,0,1,-6.57999999999998,2.81,0.0
2020-01-21 01:00:00,0.0,0.0,1,1,-7.06,2.65,0.0
2020-01-21 02:00:00,0.0,0.0,2,1,-7.42999999999995,2.47,0.0
2020-01-21 03:00:00,0.0,0.0,3,1,-7.77999999999997,2.26,0.0
2020-01-21 04:00:00,0.0,0.0,4,1,-8.06,2.13,0.0
2020-01-21 05:00:00,0.0,0.0,5,1,-8.27999999999997,2.12,0.0
2020-01-21 06:00:00,0.0,0.0,6,1,-8.40999999999997,2.1,0.0
2020-01-21 07:00:00,59.292,64.2175,7,1,-7.28999999999996,2.01,0.0
2020-01-21 08:00:00,217.9401,237.5337,8,1,-4.84999999999997,2.59,0.0
2020-01-21 09:00:00,378.5133,392.8873,9,1,-2.52999999999997,2.74,0.0
2020-01-21 10:00:00,486.654,500.9756,10,1,-0.489999999999952,2.55,0.0
2020-01-21 11:00:00,534.8397,550.402,11,1,1.10000000000002,2.15,0.0
2020-01-21 12:00:00,522.1635,537.592,12,1,2.23000000000002,1.71,0.0
2020-01-21 13:00:00,449.2894,463.488,13,1,2.61000000000001,1.41,0.0
2020-01-21 14:00:00,320.5085,335.3946,14,1,2.30000000000001,1.39,0.0
2020-01-21 15:00:00,161.0796,168.8937,15,1,0.689999999999998,1.15,0.0
2020-01-21 16:00:00,17.475,19.9641,16,1,-1.31,1.4,0.0
2020-01-21 17:00:00,0.0,0.0,17,1,-1.89999999999998,1.44,0.0
2020-01-21 18:00:00,0.0,0.0,18,1,-2.29999999999995,1.49,0.0
2020-01-21 19:00:00,0.0,0.0,19,1,-2.51999999999998,1.47,0.0
2020-01-21 20:00:00,0.0,0.0,20,1,-2.70999999999998,1.4,0.0
2020-01-21 21:00:00,0.0,0.0,21,1,-2.92999999999995,1.32,0.0
2020-01-21 22:00:00,0.0,0.0,22,1,-3.03999999999996,1.25,0.0
2020-01-21 23:00:00,0.0,0.0,23,1,-3.10999999999996,1.17,0.0
2020-01-22 00:00:00,0.0,0.0,0,2,-3.03999999999996,1.02,0.0
2020-01-22 01:00:00,0.0,0.0,1,2,-2.73999999999995,0.77,0.0
2020-01-22 02:00:00,0.0,0.0,2,2,-2.42999999999995,0.46,0.0
2020-01-22 03:00:00,0.0,0.0,3,2,-2.25999999999999,0.15,0.0
2020-01-22 04:00:00,0.0,0.0,4,2,-2.06,0.11,0.0
2020-01-22 05:00:00,0.0,0.0,5,2,-1.98999999999995,0.14,0.0
2020-01-22 06:00:00,0.0,0.0,6,2,-1.88999999999999,0.17,0.0
2020-01-22 07:00:00,66.4341,67.3264,7,2,-1.14999999999998,0.25,0.0
2020-01-22 08:00:00,225.4167,238.9942,8,2,0.930000000000007,0.42,0.0
2020-01-22 09:00:00,373.7924,390.266,9,2,3.04000000000002,0.71,0.0
2020-01-22 10:00:00,478.0464,495.1248,10,2,4.68000000000001,1.02,0.0
2020-01-22 11:00:00,487.6903,542.8594,11,2,6.32000000000005,1.49,0.0
2020-01-22 12:00:00,444.6017,529.6284,12,2,7.5,1.99,0.0
2020-01-22 13:00:00,379.183,455.5089,13,2,7.39000000000004,2.13,0.0
2020-01-22 14:00:00,260.1303,327.384,14,2,6.24000000000001,1.71,0.0
2020-01-22 15:00:00,127.9433,161.573,15,2,3.66000000000003,1.93,0.0
2020-01-22 16:00:00,14.1538,18.8418,16,2,1.43000000000001,2.24,0.0
2020-01-22 17:00:00,0.0,0.0,17,2,0.400000000000034,2.31,0.0
2020-01-22 18:00:00,0.0,0.0,18,2,-0.239999999999952,2.3,0.0
2020-01-22 19:00:00,0.0,0.0,19,2,-0.669999999999959,2.3,0.0
2020-01-22 20:00:00,0.0,0.0,20,2,-0.979999999999961,2.34,0.0
2020-01-22 21:00:00,0.0,0.0,21,2,-1.25999999999999,2.39,0.0
2020-01-22 22:00:00,0.0,0.0,22,2,-1.39999999999998,2.41,0.0
2020-01-22 23:00:00,0.0,0.0,23,2,-1.48999999999995,2.43,0.0
2020-01-23 00:00:00,0.0,0.0,0,3,-1.52999999999997,2.39,0.0
2020-01-23 01:00:00,0.0,0.0,1,3,-1.45999999999998,2.26,0.0
2020-01-23 02:00:00,0.0,0.0,2,3,-1.23999999999995,2.03,0.0
2020-01-23 03:00:00,0.0,0.0,3,3,-0.909999999999968,1.67,0.0
2020-01-23 04:00:00,0.0,0.0,4,3,-0.909999999999968,1.44,0.0
2020-01-23 05:00:00,0.0,0.0,5,3,-1.37,1.59,0.0
2020-01-23 06:00:00,0.0,0.0,6,3,-2.25999999999999,1.86,0.0
2020-01-23 07:00:00,62.4256,63.1438,7,3,-2.06999999999999,1.7,0.0
2020-01-23 08:00:00,216.6255,230.5457,8,3,0.220000000000027,1.75,0.0
2020-01-23 09:00:00,363.9937,382.3943,9,3,1.92000000000002,2.57,0.0
2020-01-23 10:00:00,471.9439,490.4485,10,3,3.24000000000001,3.32,0.0
2020-01-23 11:00:00,524.6143,544.0818,11,3,3.83000000000004,3.71,0.0
2020-01-23 12:00:00,517.894,536.4844,12,3,3.98000000000002,3.98,0.0
2020-01-23 13:00:00,448.0181,464.6769,13,3,3.61000000000001,4.05,0.0
2020-01-23 14:00:00,318.375,335.8199,14,3,2.84000000000003,3.76,0.0
2020-01-23 15:00:00,160.5176,169.0554,15,3,0.960000000000036,2.5,0.0
2020-01-23 16:00:00,18.0876,21.3308,16,3,-1.69,2.37,0.0
2020-01-23 17:00:00,0.0,0.0,17,3,-2.26999999999998,2.44,0.0
2020-01-23 18:00:00,0.0,0.0,18,3,-2.44,2.51,0.0
2020-01-23 19:00:00,0.0,0.0,19,3,-2.56999999999999,2.56,0.0
2020-01-23 20:00:00,0.0,0.0,20,3,-2.76999999999998,2.54,0.0
2020-01-23 21:00:00,0.0,0.0,21,3,-2.94999999999999,2.45,0.0
2020-01-23 22:00:00,0.0,0.0,22,3,-3.13999999999999,2.42,0.0
2020-01-23 23:00:00,0.0,0.0,23,3,-3.40999999999997,2.38,0.0
2020-01-24 00:00:00,0.0,0.0,0,4,-3.92999999999995,2.34,0.0
2020-01-24 01:00:00,0.0,0.0,1,4,-4.35999999999996,2.26,0.0
2020-01-24 02:00:00,0.0,0.0,2,4,-4.60999999999996,2.16,0.0
2020-01-24 03:00:00,0.0,0.0,3,4,-4.66999999999996,2.12,0.0
2020-01-24 04:00:00,0.0,0.0,4,4,-4.81,2.0,0.0
2020-01-24 05:00:00,0.0,0.0,5,4,-5.04999999999995,1.84,0.0
2020-01-24 06:00:00,0.0,0.0,6,4,-5.15999999999997,1.7,0.0
2020-01-24 07:00:00,65.7732,66.5998,7,4,-4.31,1.49,0.0
2020-01-24 08:00:00,220.6021,234.9166,8,4,-1.51999999999998,1.45,0.0
2020-01-24 09:00:00,366.8069,385.2552,9,4,0.660000000000025,1.54,0.0
2020-01-24 10:00:00,471.3228,490.1023,10,4,3.26000000000005,1.78,0.0
2020-01-24 11:00:00,518.1181,538.3474,11,4,5.95000000000005,2.91,0.0
2020-01-24 12:00:00,505.8115,525.6416,12,4,7.0,3.28,3e-06
2020-01-24 13:00:00,434.2156,452.5888,13,4,7.17000000000002,3.27,7.8e-05
2020-01-24 14:00:00,309.4691,326.8263,14,4,6.41000000000003,2.56,0.002232
2020-01-24 15:00:00,156.9672,164.8354,15,4,4.13,1.81,0.007091
2020-01-24 16:00:00,16.2992,21.6819,16,4,2.75,1.8,0.010888
2020-01-24 17:00:00,0.0,0.0,17,4,2.55000000000001,1.76,0.012273
2020-01-24 18:00:00,0.0,0.0,18,4,2.38,1.66,0.011199
2020-01-24 19:00:00,0.0,0.0,19,4,2.24000000000001,1.62,0.011419
2020-01-24 20:00:00,0.0,0.0,20,4,2.14000000000004,1.63,0.015932
2020-01-24 21:00:00,0.0,0.0,21,4,2.14000000000004,1.67,0.026952
2020-01-24 22:00:00,0.0,0.0,22,4,2.07000000000005,1.79,0.044429
2020-01-24 23:00:00,0.0,0.0,23,4,2.01000000000005,1.86,0.053509
2020-01-25 00:00:00,0.0,0.0,0,5,1.94,1.92,0.059469
2020-01-25 01:00:00,0.0,0.0,1,5,1.85000000000002,2.07,0.058412
2020-01-25 02:00:00,0.0,0.0,2,5,1.82000000000005,2.2,0.063368
2020-01-25 03:00:00,0.0,0.0,3,5,1.85000000000002,2.27,0.06697
2020-01-25 04:00:00,0.0,0.0,4,5,1.79000000000002,2.27,0.066031
2020-01-25 05:00:00,0.0,0.0,5,5,1.73000000000002,2.18,0.062613
2020-01-25 06:00:00,0.0,0.0,6,5,1.74000000000001,2.12,0.063084
2020-01-25 07:00:00,44.0494,60.2795,7,5,2.06,2.08,0.060681
2020-01-25 08:00:00,157.5154,217.7981,8,5,2.93000000000001,2.03,0.066551
2020-01-25 09:00:00,191.2483,362.7331,9,5,3.92000000000002,2.4,0.070552
2020-01-25 10:00:00,259.75,464.5551,10,5,4.73000000000002,2.72,0.062068
2020-01-25 11:00:00,287.4408,511.5025,11,5,5.53000000000003,3.03,0.064715
2020-01-25 12:00:00,245.3029,498.6883,12,5,5.89000000000004,3.08,0.054839
2020-01-25 13:00:00,268.1534,427.9981,13,5,5.77000000000004,2.77,0.056342
2020-01-25 14:00:00,181.9418,306.5482,14,5,5.01000000000005,2.31,0.060782
2020-01-25 15:00:00,66.5974,150.9503,15,5,3.65000000000003,2.24,0.04709
2020-01-25 16:00:00,13.5579,19.8416,16,5,2.73000000000002,2.34,0.038483
2020-01-25 17:00:00,0.0,0.0,17,5,2.46000000000004,2.29,0.042332
2020-01-25 18:00:00,0.0,0.0,18,5,2.08000000000004,2.34,0.056898
2020-01-25 19:00:00,0.0,0.0,19,5,1.75,2.43,0.071316
2020-01-25 20:00:00,0.0,0.0,20,5,1.82000000000005,2.31,0.056484
2020-01-25 21:00:00,0.0,0.0,21,5,1.85000000000002,2.32,0.060279
2020-01-25 22:00:00,0.0,0.0,22,5,1.82000000000005,2.34,0.052662
2020-01-25 23:00:00,0.0,0.0,23,5,1.85000000000002,2.41,0.053081
2020-01-26 00:00:00,0.0,0.0,0,6,1.96000000000004,2.33,0.041271
2020-01-26 01:00:00,0.0,0.0,1,6,1.95000000000005,2.26,0.034732
2020-01-26 02:00:00,0.0,0.0,2,6,2.02000000000004,2.17,0.03064
2020-01-26 03:00:00,0.0,0.0,3,6,2.12,2.03,0.028431
2020-01-26 04:00:00,0.0,0.0,4,6,2.17000000000002,1.91,0.032517
2020-01-26 05:00:00,0.0,0.0,5,6,2.28000000000003,1.8,0.029138
2020-01-26 06:00:00,0.0156,0.0167,6,6,2.37,1.71,0.031319
2020-01-26 07:00:00,36.039,55.3352,7,6,2.62,1.72,0.028647
2020-01-26 08:00:00,73.097,200.6035,8,6,3.38,1.45,0.012692
2020-01-26 09:00:00,149.1783,338.0714,9,6,4.48000000000002,1.44,0.006487
2020-01-26 10:00:00,212.8714,436.4745,10,6,5.97000000000003,1.97,0.004367
2020-01-26 11:00:00,167.0277,482.3797,11,6,7.02000000000004,1.86,0.002435
2020-01-26 12:00:00,155.4797,468.5652,12,6,7.12,1.7,0.00212
2020-01-26 13:00:00,133.0071,400.8239,13,6,6.76000000000005,1.48,0.004748
2020-01-26 14:00:00,101.8094,287.124,14,6,5.80000000000001,1.35,0.051762
2020-01-26 15:00:00,55.8147,142.3245,15,6,4.49000000000001,1.61,0.096026
2020-01-26 16:00:00,16.0898,19.852,16,6,2.98000000000002,1.96,0.063981
2020-01-26 17:00:00,0.0,0.0,17,6,1.90000000000003,2.23,0.053666
2020-01-26 18:00:00,0.0,0.0,18,6,1.24000000000001,2.35,0.044963
2020-01-26 19:00:00,0.0,0.0,19,6,0.800000000000011,2.41,0.017614
2020-01-26 20:00:00,0.0,0.0,20,6,0.860000000000014,2.35,0.022825
2020-01-26 21:00:00,0.0,0.0,21,6,1.16000000000003,2.23,0.050638
2020-01-26 22:00:00,0.0,0.0,22,6,1.30000000000001,2.32,0.084424
2020-01-26 23:00:00,0.0,0.0,23,6,1.47000000000003,2.36,0.105123
2020-01-27 00:00:00,0.0,0.0,0,0,1.72000000000003,2.49,0.195129
2020-01-27 01:00:00,0.0,0.0,1,0,1.89000000000004,2.59,0.268974
2020-01-27 02:00:00,0.0,0.0,2,0,1.94,2.45,0.209839
2020-01-27 03:00:00,0.0,0.0,3,0,1.81,2.43,0.128831
2020-01-27 04:00:00,0.0,0.0,4,0,1.46000000000004,2.4,0.093746
2020-01-27 05:00:00,0.0,0.0,5,0,1.5,2.35,0.101194
2020-01-27 06:00:00,0.0418,0.0423,6,0,1.53000000000003,2.42,0.115929
2020-01-27 07:00:00,49.801,59.4157,7,0,2.28000000000003,2.32,0.170406
2020-01-27 08:00:00,167.4134,216.7846,8,0,3.38,2.5,0.313336
2020-01-27 09:00:00,198.1081,366.5208,9,0,3.96000000000004,2.86,0.450152
2020-01-27 10:00:00,132.7998,473.444,10,0,4.58000000000004,3.38,0.501449
2020-01-27 11:00:00,164.6205,525.2695,11,0,5.04000000000002,3.67,0.502998
2020-01-27 12:00:00,184.2258,517.3869,12,0,5.10000000000002,3.74,0.381614
2020-01-27 13:00:00,121.3516,448.5263,13,0,4.86000000000001,3.54,0.269634
2020-01-27 14:00:00,89.9083,325.3086,14,0,4.39000000000004,2.92,0.160419
2020-01-27 15:00:00,78.6735,165.6892,15,0,3.65000000000003,1.97,0.135674
2020-01-27 16:00:00,4.3372,24.2399,16,0,2.93000000000001,2.01,0.119177
2020-01-27 17:00:00,0.0,0.0,17,0,2.63,2.17,0.101603
2020-01-27 18:00:00,0.0,0.0,18,0,2.35000000000002,2.27,0.094141
2020-01-27 19:00:00,0.0,0.0,19,0,2.04000000000002,2.36,0.098721
2020-01-27 20:00:00,0.0,0.0,20,0,1.68000000000001,2.5,0.079479
2020-01-27 21:00:00,0.0,0.0,21,0,1.35000000000002,2.48,0.091053
2020-01-27 22:00:00,0.0,0.0,22,0,1.14000000000004,2.53,0.086125
2020-01-27 23:00:00,0.0,0.0,23,0,0.960000000000036,2.54,0.089275
2020-01-28 00:00:00,0.0,0.0,0,1,1.11000000000001,2.53,0.163482
2020-01-28 01:00:00,0.0,0.0,1,1,1.23000000000002,2.56,0.160348
2020-01-28 02:00:00,0.0,0.0,2,1,1.36000000000001,2.61,0.143461
2020-01-28 03:00:00,0.0,0.0,3,1,1.44,2.61,0.130364
2020-01-28 04:00:00,0.0,0.0,4,1,1.53000000000003,2.58,0.126329
2020-01-28 05:00:00,0.0,0.0,5,1,1.52000000000004,2.65,0.113513
2020-01-28 06:00:00,0.0524,0.092,6,1,1.42000000000002,3.04,0.10797
2020-01-28 07:00:00,54.3773,73.3451,7,1,2.23000000000002,3.68,0.119375
2020-01-28 08:00:00,182.7122,238.4857,8,1,3.34000000000003,4.44,0.105933
2020-01-28 09:00:00,203.1092,384.1171,9,1,4.22000000000003,5.07,0.084265
2020-01-28 10:00:00,326.4878,487.5323,10,1,4.90000000000003,5.14,0.048474
2020-01-28 11:00:00,298.5948,537.6899,11,1,5.46000000000004,5.43,0.034526
2020-01-28 12:00:00,179.7316,527.7758,12,1,6.21000000000004,6.09,0.038847
2020-01-28 13:00:00,160.418,457.5751,13,1,6.49000000000001,6.51,0.052009
2020-01-28 14:00:00,116.3988,333.7328,14,1,6.16000000000003,6.44,0.048611
2020-01-28 15:00:00,60.3689,173.0228,15,1,5.11000000000001,4.92,0.044726
2020-01-28 16:00:00,22.927,26.7483,16,1,2.52000000000004,3.18,0.030825
2020-01-28 17:00:00,0.0,0.0,17,1,1.71000000000004,3.08,0.030161
2020-01-28 18:00:00,0.0,0.0,18,1,1.72000000000003,3.08,0.024479
2020-01-28 19:00:00,0.0,0.0,19,1,1.47000000000003,3.02,0.026371
2020-01-28 20:00:00,0.0,0.0,20,1,1.05000000000001,3.04,0.050699
2020-01-28 21:00:00,0.0,0.0,21,1,1.26000000000005,3.39,0.085141
2020-01-28 22:00:00,0.0,0.0,22,1,1.71000000000004,3.48,0.135148
2020-01-28 23:00:00,0.0,0.0,23,1,2.30000000000001,4.0,0.162974
2020-01-29 00:00:00,0.0,0.0,0,2,2.85000000000002,4.68,0.186641
2020-01-29 01:00:00,0.0,0.0,1,2,3.0,5.14,0.172515
2020-01-29 02:00:00,0.0,0.0,2,2,2.99000000000001,4.94,0.207615
2020-01-29 03:00:00,0.0,0.0,3,2,3.24000000000001,5.37,0.272552
2020-01-29 04:00:00,0.0,0.0,4,2,3.46000000000004,5.66,0.443769
2020-01-29 05:00:00,0.0,0.0,5,2,3.70000000000005,5.83,0.357422
2020-01-29 06:00:00,0.084,0.1423,6,2,4.08000000000004,6.14,0.289579
2020-01-29 07:00:00,32.0752,72.3849,7,2,5.03000000000003,6.65,0.339992
2020-01-29 08:00:00,54.2608,239.18,8,2,5.88,6.92,0.223346
2020-01-29 09:00:00,129.5152,388.7874,9,2,6.26000000000005,7.11,0.136742
2020-01-29 10:00:00,112.9405,494.2902,10,2,6.65000000000003,6.99,0.175213
2020-01-29 11:00:00,266.8104,544.5292,11,2,7.18000000000001,7.2,0.23836
2020-01-29 12:00:00,226.3175,535.1481,12,2,7.22000000000003,7.02,0.272448
2020-01-29 13:00:00,126.1124,465.7733,13,2,6.85000000000002,6.25,0.282712
2020-01-29 14:00:00,96.6335,342.7779,14,2,6.51000000000005,5.33,0.239785
2020-01-29 15:00:00,55.789,181.8699,15,2,5.74000000000001,3.65,0.317034
2020-01-29 16:00:00,11.7907,30.1534,16,2,3.46000000000004,2.58,0.181174
2020-01-29 17:00:00,0.0,0.0,17,2,2.70000000000005,2.44,0.138376
2020-01-29 18:00:00,0.0,0.0,18,2,2.47000000000003,2.3,0.082301
2020-01-29 19:00:00,0.0,0.0,19,2,2.16000000000003,2.26,0.045399
2020-01-29 20:00:00,0.0,0.0,20,2,1.79000000000002,2.19,0.018562
2020-01-29 21:00:00,0.0,0.0,21,2,1.55000000000001,2.11,0.019066
2020-01-29 22:00:00,0.0,0.0,22,2,1.42000000000002,2.06,0.021247
2020-01-29 23:00:00,0.0,0.0,23,2,1.28000000000003,2.03,0.015622
2020-01-30 00:00:00,0.0,0.0,0,3,1.19,1.99,0.018194
2020-01-30 01:00:00,0.0,0.0,1,3,1.04000000000002,1.98,0.030089
2020-01-30 02:00:00,0.0,0.0,2,3,0.82000000000005,1.94,0.040506
2020-01-30 03:00:00,0.0,0.0,3,3,0.720000000000027,1.87,0.092933
2020-01-30 04:00:00,0.0,0.0,4,3,0.760000000000048,1.81,0.129141
2020-01-30 05:00:00,0.0,0.0,5,3,0.810000000000002,1.84,0.122245
2020-01-30 06:00:00,0.1279,0.2425,6,3,0.670000000000016,1.98,0.112316
2020-01-30 07:00:00,77.7241,80.4075,7,3,1.55000000000001,2.17,0.060706
2020-01-30 08:00:00,194.9505,252.0645,8,3,2.88,3.23,0.078794
2020-01-30 09:00:00,368.8807,403.3107,9,3,3.85000000000002,4.21,0.147103
2020-01-30 10:00:00,480.0892,510.8922,10,3,4.60000000000002,4.77,0.228578
2020-01-30 11:00:00,326.2047,564.1215,11,3,5.03000000000003,4.93,0.198993
2020-01-30 12:00:00,306.7213,556.764,12,3,5.34000000000003,4.73,0.030833
2020-01-30 13:00:00,457.1898,487.8206,13,3,5.53000000000003,4.06,0.000656
2020-01-30 14:00:00,345.088,363.3188,14,3,5.34000000000003,3.25,1.7e-05
2020-01-30 15:00:00,183.1539,198.3461,15,3,4.17000000000002,1.82,6e-06
2020-01-30 16:00:00,29.1009,35.8649,16,3,2.02000000000004,1.29,3e-06
2020-01-30 17:00:00,0.0,0.0,17,3,1.44,1.08,1e-06
2020-01-30 18:00:00,0.0,0.0,18,3,1.10000000000002,0.97,1e-06
2020-01-30 19:00:00,0.0,0.0,19,3,0.660000000000025,1.14,0.0
2020-01-30 20:00:00,0.0,0.0,20,3,0.270000000000039,1.29,0.0
2020-01-30 21:00:00,0.0,0.0,21,3,-0.199999999999989,1.4,0.0
2020-01-30 22:00:00,0.0,0.0,22,3,-0.769999999999982,1.64,0.0
2020-01-30 23:00:00,0.0,0.0,23,3,-1.19999999999999,1.87,0.0
2020-01-31 00:00:00,0.0,0.0,0,4,-1.44,2.08,0.0
2020-01-31 01:00:00,0.0,0.0,1,4,-1.46999999999997,2.25,0.0
2020-01-31 02:00:00,0.0,0.0,2,4,-1.38999999999999,2.4,0.0
2020-01-31 03:00:00,0.0,0.0,3,4,-1.35999999999996,2.54,0.0
2020-01-31 04:00:00,0.0,0.0,4,4,-1.52999999999997,2.62,0.0
2020-01-31 05:00:00,0.0,0.0,5,4,-1.66999999999996,2.69,0.0
2020-01-31 06:00:00,0.3348,0.3668,6,4,-1.56,2.7,0.0
2020-01-31 07:00:00,83.0613,86.2565,7,4,0.410000000000025,2.5,0.0
2020-01-31 08:00:00,232.5728,262.5693,8,4,3.05000000000001,3.35,0.0
2020-01-31 09:00:00,398.352,416.5634,9,4,4.99000000000001,4.44,0.0
2020-01-31 10:00:00,502.8302,522.442,10,4,6.34000000000003,5.44,0.0
2020-01-31 11:00:00,547.1364,569.2946,11,4,7.08000000000004,6.13,0.0
2020-01-31 12:00:00,431.3608,555.5303,12,4,7.37,6.51,0.0
2020-01-31 13:00:00,352.3298,483.0538,13,4,7.25,6.52,1e-06
2020-01-31 14:00:00,231.8433,358.1259,14,4,6.67000000000002,6.04,7e-06
2020-01-31 15:00:00,148.2237,194.6027,15,4,4.89000000000004,4.29,2e-05
2020-01-31 16:00:00,25.5535,35.8228,16,4,1.24000000000001,3.74,0.00021
2020-01-31 17:00:00,0.0,0.0,17,4,0.370000000000005,3.78,0.001354
2020-01-31 18:00:00,0.0,0.0,18,4,0.390000000000043,3.75,0.002246
2020-01-31 19:00:00,0.0,0.0,19,4,0.520000000000039,3.57,0.002264
2020-01-31 20:00:00,0.0,0.0,20,4,0.340000000000032,3.47,0.004437
2020-01-31 21:00:00,0.0,0.0,21,4,0.379999999999995,3.33,0.007341
2020-01-31 22:00:00,0.0,0.0,22,4,0.480000000000018,3.17,0.00847
2020-01-31 23:00:00,0.0,0.0,23,4,0.54000000000002,3.05,0.010327
2020-02-01 00:00:00,0.0,0.0,0,5,0.54000000000002,2.95,0.013256
2020-02-01 01:00:00,0.0,0.0,1,5,0.53000000000003,2.83,0.014477
2020-02-01 02:00:00,0.0,0.0,2,5,0.760000000000048,2.79,0.016817
2020-02-01 03:00:00,0.0,0.0,3,5,0.870000000000005,2.66,0.0181
2020-02-01 04:00:00,0.0,0.0,4,5,0.930000000000007,2.5,0.016264
2020-02-01 05:00:00,0.0,0.0,5,5,0.950000000000045,2.41,0.012754
2020-02-01 06:00:00,0.2533,0.4768,6,5,1.0,2.19,0.008861
2020-02-01 07:00:00,82.9989,85.2267,7,5,2.02000000000004,2.07,0.005274
2020-02-01 08:00:00,243.0009,258.4207,8,5,3.67000000000002,2.21,0.002914
2020-02-01 09:00:00,392.6469,410.8513,9,5,5.48000000000002,1.98,0.001327
2020-02-01 10:00:00,498.5449,518.0598,10,5,7.60000000000002,1.72,0.000111
2020-02-01 11:00:00,547.9646,569.0223,11,5,9.68000000000001,1.54,8e-06
2020-02-01 12:00:00,538.5486,559.3177,12,5,11.14,1.71,5e-06
2020-02-01 13:00:00,471.2989,490.1613,13,5,11.39,2.08,4e-06
2020-02-01 14:00:00,349.8292,367.8709,14,5,10.99,2.34,3e-06
2020-02-01 15:00:00,193.834,205.5948,15,5,9.49000000000001,1.93,3.1e-05
2020-02-01 16:00:00,37.7848,41.0715,16,5,6.45000000000005,1.92,0.000284
2020-02-01 17:00:00,0.0,0.0,17,5,5.21000000000004,1.9,0.000928
2020-02-01 18:00:00,0.0,0.0,18,5,4.48000000000002,1.87,0.001061
2020-02-01 19:00:00,0.0,0.0,19,5,3.76000000000005,1.93,0.002371
2020-02-01 20:00:00,0.0,0.0,20,5,3.13,2.05,0.005538
2020-02-01 21:00:00,0.0,0.0,21,5,2.65000000000003,2.15,0.008141
2020-02-01 22:00:00,0.0,0.0,22,5,2.34000000000003,2.14,0.009443
2020-02-01 23:00:00,0.0,0.0,23,5,2.11000000000001,2.09,0.011435
2020-02-02 00:00:00,0.0,0.0,0,6,2.01000000000005,2.16,0.01494
2020-02-02 01:00:00,0.0,0.0,1,6,1.85000000000002,2.28,0.016197
2020-02-02 02:00:00,0.0,0.0,2,6,1.52000000000004,2.49,0.013466
2020-02-02 03:00:00,0.0,0.0,3,6,1.34000000000003,2.51,0.011349
2020-02-02 04:00:00,0.0,0.0,4,6,1.38,2.47,0.012314
2020-02-02 05:00:00,0.0,0.0,5,6,1.52000000000004,2.49,0.011873
2020-02-02 06:00:00,0.6205,0.6205,6,6,1.72000000000003,2.47,0.013643
2020-02-02 07:00:00,83.3864,85.7311,7,6,2.65000000000003,2.49,0.009692
2020-02-02 08:00:00,189.2558,256.6034,8,6,4.45000000000005,2.85,0.004287
2020-02-02 09:00:00,330.1581,406.9146,9,6,6.48000000000002,3.69,0.005076
2020-02-02 10:00:00,351.084,513.2528,10,6,8.35000000000002,3.89,0.006801
2020-02-02 11:00:00,468.492,564.8922,11,6,9.26000000000005,3.87,0.019993
2020-02-02 12:00:00,398.887,556.4323,12,6,9.57000000000005,3.81,0.02787
2020-02-02 13:00:00,467.5734,488.1165,13,6,9.60000000000002,3.55,0.022816
2020-02-02 14:00:00,197.2058,366.0838,14,6,9.35000000000002,3.02,0.018015
2020-02-02 15:00:00,88.023,204.316,15,6,8.37,1.92,0.011303
2020-02-02 16:00:00,16.0466,41.4124,16,6,5.98000000000002,1.91,0.007788
2020-02-02 17:00:00,0.0,0.0,17,6,4.78000000000003,2.1,0.006567
2020-02-02 18:00:00,0.0,0.0,18,6,4.26000000000005,2.14,0.00735
2020-02-02 19:00:00,0.0,0.0,19,6,4.04000000000002,2.15,0.006462
2020-02-02 20:00:00,0.0,0.0,20,6,3.82000000000005,2.22,0.006948
2020-02-02 21:00:00,0.0,0.0,21,6,3.64000000000004,2.26,0.007754
2020-02-02 22:00:00,0.0,0.0,22,6,3.36000000000001,2.22,0.007221
2020-02-02 23:00:00,0.0,0.0,23,6,3.16000000000003,2.22,0.007443
2020-02-03 00:00:00,0.0,0.0,0,0,2.87,2.42,0.008406
2020-02-03 01:00:00,0.0,0.0,1,0,2.65000000000003,2.6,0.012967
2020-02-03 02:00:00,0.0,0.0,2,0,2.60000000000002,2.75,0.015934
2020-02-03 03:00:00,0.0,0.0,3,0,2.68000000000001,2.97,0.014156
2020-02-03 04:00:00,0.0,0.0,4,0,2.73000000000002,3.18,0.010363
2020-02-03 05:00:00,0.0,0.0,5,0,2.60000000000002,3.21,0.010994
2020-02-03 06:00:00,0.7718,0.7988,6,0,2.66000000000003,3.17,0.009911
2020-02-03 07:00:00,73.3919,87.8111,7,0,3.80000000000001,3.31,0.0051
2020-02-03 08:00:00,208.0789,258.8973,8,0,5.69,4.3,0.001564
2020-02-03 09:00:00,333.0692,409.2151,9,0,7.87,5.64,0.000728
2020-02-03 10:00:00,415.8596,514.574,10,0,9.14000000000004,6.22,0.000684
2020-02-03 11:00:00,367.0168,564.2498,11,0,9.65000000000003,6.68,0.000689
2020-02-03 12:00:00,410.2167,553.9104,12,0,9.80000000000001,6.88,0.000817
2020-02-03 13:00:00,271.0413,481.4492,13,0,9.62,6.69,0.000798
2020-02-03 14:00:00,161.0067,353.4756,14,0,9.14000000000004,6.17,0.001042
2020-02-03 18:00:00,0.0,0.0,18,0,4.08000000000004,3.0,0.006048
2020-02-03 19:00:00,0.0,0.0,19,0,3.78000000000003,2.64,0.011746
2020-02-03 20:00:00,0.0,0.0,20,0,3.48000000000002,2.4,0.010333
2020-02-03 21:00:00,0.0,0.0,21,0,3.36000000000001,2.1,0.007722
2020-02-03 22:00:00,0.0,0.0,22,0,3.30000000000001,1.95,0.005127
2020-02-03 23:00:00,0.0,0.0,23,0,3.09000000000003,1.86,0.003069
2020-02-04 00:00:00,0.0,0.0,0,1,2.93000000000001,1.73,0.002755
2020-02-04 01:00:00,0.0,0.0,1,1,2.69,1.71,0.002378
2020-02-04 02:00:00,0.0,0.0,2,1,2.40000000000003,1.88,0.00232
2020-02-04 03:00:00,0.0,0.0,3,1,2.12,2.07,0.003165
2020-02-04 04:00:00,0.0,0.0,4,1,1.98000000000002,2.11,0.00497
2020-02-04 05:00:00,0.0,0.0,5,1,1.85000000000002,2.22,0.00643
2020-02-04 06:00:00,0.9762,0.9762,6,1,1.87,2.32,0.006616
2020-02-04 07:00:00,84.4313,86.1448,7,1,3.36000000000001,2.62,0.006928
2020-02-04 08:00:00,209.7176,253.3477,8,1,5.32000000000005,3.7,0.003071
2020-02-04 09:00:00,308.159,402.2652,9,1,7.55000000000001,4.53,0.002299
2020-02-04 10:00:00,234.2506,508.0172,10,1,9.54000000000002,5.84,0.00207
2020-02-04 11:00:00,200.669,559.0049,11,1,10.39,6.79,0.003838
2020-02-04 12:00:00,201.1125,549.3003,12,1,10.68,7.55,0.006169
2020-02-04 13:00:00,158.7177,478.4027,13,1,10.3,7.97,0.014697
2020-02-04 14:00:00,82.7747,353.0234,14,1,9.49000000000001,8.29,0.019397
2020-02-04 15:00:00,99.2773,190.487,15,1,8.37,8.62,0.035676
2020-02-04 16:00:00,18.4554,38.4106,16,1,7.16000000000003,8.06,0.075069
2020-02-04 17:00:00,0.0,0.0,17,1,6.72000000000003,7.43,0.14409
2020-02-04 18:00:00,0.0,0.0,18,1,6.82000000000005,7.0,0.353453
2020-02-04 19:00:00,0.0,0.0,19,1,6.97000000000003,6.54,0.544539
2020-02-04 20:00:00,0.0,0.0,20,1,7.0,6.05,0.76324
2020-02-04 21:00:00,0.0,0.0,21,1,6.80000000000001,5.23,1.265422
2020-02-04 22:00:00,0.0,0.0,22,1,6.19,3.8,1.768529
2020-02-04 23:00:00,0.0,0.0,23,1,5.08000000000004,2.48,2.659904
2020-02-05 00:00:00,0.0,0.0,0,2,3.0,3.32,1.98685
2020-02-05 01:00:00,0.0,0.0,1,2,1.09000000000003,5.05,1.76735
2020-02-05 02:00:00,0.0,0.0,2,2,-0.489999999999952,5.4,0.122631
2020-02-05 03:00:00,0.0,0.0,3,2,-1.42999999999995,6.23,0.0214
2020-02-05 04:00:00,0.0,0.0,4,2,-1.95999999999998,6.43,0.020935
2020-02-05 05:00:00,0.0,0.0,5,2,-2.28999999999996,5.26,0.000233
2020-02-05 06:00:00,1.2364,1.2717,6,2,-2.52999999999997,4.42,0.0
2020-02-05 07:00:00,37.5042,95.0451,7,2,-2.20999999999998,5.76,2.9e-05
2020-02-05 08:00:00,181.4218,273.7003,8,2,-1.72999999999996,7.11,0.0
2020-02-05 09:00:00,118.5074,431.1359,9,2,-1.19999999999999,7.59,0.0
2020-02-05 10:00:00,264.8314,541.6718,10,2,-0.599999999999966,7.55,1.5e-05
2020-02-05 11:00:00,395.9097,594.3177,11,2,-0.199999999999989,7.44,5.8e-05
2020-02-05 12:00:00,231.1665,585.5676,12,2,0.0500000000000114,7.49,0.000116
2020-02-05 13:00:00,194.3934,512.262,13,2,0.07000000000005,7.2,0.002256
2020-02-05 14:00:00,113.0397,380.6694,14,2,-0.129999999999995,6.42,0.002179
2020-02-05 15:00:00,87.351,209.4958,15,2,-0.71999999999997,5.48,0.000465
2020-02-05 16:00:00,25.2377,44.839,16,2,-1.51999999999998,4.85,0.001047
2020-02-05 17:00:00,0.0,0.0,17,2,-1.81,4.98,0.001163
2020-02-05 18:00:00,0.0,0.0,18,2,-1.89999999999998,5.14,0.000639
2020-02-05 19:00:00,0.0,0.0,19,2,-2.00999999999999,5.36,0.000465
2020-02-05 20:00:00,0.0,0.0,20,2,-2.13999999999999,5.74,0.000291
2020-02-05 21:00:00,0.0,0.0,21,2,-2.29999999999995,6.24,8.7e-05
2020-02-05 22:00:00,0.0,0.0,22,2,-2.57999999999998,6.77,2.9e-05
2020-02-05 23:00:00,0.0,0.0,23,2,-2.95999999999998,7.46,2.2e-05
2020-02-06 00:00:00,0.0,0.0,0,3,-3.34999999999997,8.0,1.6e-05
2020-02-06 01:00:00,0.0,0.0,1,3,-3.81999999999999,8.06,1.3e-05
2020-02-06 02:00:00,0.0,0.0,2,3,-4.41999999999996,7.76,9e-06
2020-02-06 03:00:00,0.0,0.0,3,3,-4.94,7.39,4e-06
2020-02-06 04:00:00,0.0,0.0,4,3,-5.25999999999999,7.0,0.0
2020-02-06 05:00:00,0.0,0.0,5,3,-5.46999999999997,6.69,0.0
2020-02-06 06:00:00,1.7525,1.8307,6,3,-5.62,6.64,0.0
2020-02-06 07:00:00,87.9385,105.1595,7,3,-5.31999999999999,7.19,0.0
2020-02-06 08:00:00,93.5832,286.4249,8,3,-4.75999999999999,7.97,0.0
2020-02-06 09:00:00,190.1268,443.1755,9,3,-4.09999999999997,8.45,0.0
2020-02-06 10:00:00,338.7151,552.6609,10,3,-3.44999999999999,8.61,0.0
2020-02-06 11:00:00,178.7285,604.1392,11,3,-2.82999999999998,8.44,0.0
2020-02-06 12:00:00,183.978,593.6831,12,3,-2.27999999999997,8.25,0.0
2020-02-06 13:00:00,194.1064,521.5782,13,3,-2.12,7.86,0.0
2020-02-06 14:00:00,161.5969,393.9415,14,3,-2.39999999999998,7.19,0.0
2020-02-06 15:00:00,146.8732,224.9306,15,3,-3.19999999999999,6.24,0.0
2020-02-06 16:00:00,35.3718,52.1269,16,3,-5.02999999999997,4.74,0.0
2020-02-06 17:00:00,0.0,0.0,17,3,-6.73999999999995,4.14,0.0
2020-02-06 18:00:00,0.0,0.0,18,3,-7.65999999999997,3.74,0.0
2020-02-06 19:00:00,0.0,0.0,19,3,-8.25999999999999,3.19,0.0
2020-02-06 20:00:00,0.0,0.0,20,3,-8.63,2.98,0.0
2020-02-06 21:00:00,0.0,0.0,21,3,-8.77999999999997,2.93,0.0
2020-02-06 22:00:00,0.0,0.0,22,3,-8.53999999999996,2.72,0.0
2020-02-06 23:00:00,0.0,0.0,23,3,-7.62,2.64,0.0
2020-02-07 00:00:00,0.0,0.0,0,4,-6.82999999999998,2.46,0.0
2020-02-07 01:00:00,0.0,0.0,1,4,-6.31,2.34,0.0
2020-02-07 02:00:00,0.0,0.0,2,4,-5.81,2.28,0.0
2020-02-07 03:00:00,0.0,0.0,3,4,-5.34999999999997,2.13,0.0
2020-02-07 04:00:00,0.0,0.0,4,4,-5.0,1.94,0.0
2020-02-07 05:00:00,0.0,0.0,5,4,-4.88999999999999,1.72,1e-06
2020-02-07 06:00:00,2.0913,2.2541,6,4,-4.96999999999997,1.7,2e-06
2020-02-07 07:00:00,75.5689,108.5481,7,4,-4.13999999999999,2.01,1e-06
2020-02-07 08:00:00,108.6139,289.2405,8,4,-2.15999999999997,2.81,0.0
2020-02-07 09:00:00,203.7257,444.5775,9,4,-0.579999999999984,3.63,0.0
2020-02-07 10:00:00,334.2409,553.7927,10,4,0.57000000000005,3.88,0.0
2020-02-07 11:00:00,243.476,606.7193,11,4,1.29000000000002,3.8,1e-06
2020-02-07 12:00:00,423.1308,598.2018,12,4,1.72000000000003,3.61,1.2e-05
2020-02-07 13:00:00,438.3249,528.4099,13,4,1.86000000000001,3.37,0.000748
2020-02-07 14:00:00,373.331,403.1385,14,4,1.66000000000003,3.07,0.001607
2020-02-07 15:00:00,209.349,235.5134,15,4,0.910000000000025,2.35,0.000593
2020-02-07 16:00:00,44.8683,58.4292,16,4,-1.26999999999998,1.68,1.2e-05
2020-02-07 17:00:00,0.0,0.0,17,4,-2.52999999999997,1.52,5e-06
2020-02-07 18:00:00,0.0,0.0,18,4,-3.10999999999996,1.36,2e-06
2020-02-07 19:00:00,0.0,0.0,19,4,-3.69,1.31,0.0
2020-02-07 20:00:00,0.0,0.0,20,4,-4.17999999999995,1.34,0.0
2020-02-07 21:00:00,0.0,0.0,21,4,-4.58999999999997,1.28,0.0
2020-02-07 22:00:00,0.0,0.0,22,4,-4.79999999999995,1.19,0.0
2020-02-07 23:00:00,0.0,0.0,23,4,-4.87,1.16,0.0
2020-02-08 00:00:00,0.0,0.0,0,5,-4.88,1.13,0.0
2020-02-08 01:00:00,0.0,0.0,1,5,-4.89999999999998,1.2,0.0
2020-02-08 02:00:00,0.0,0.0,2,5,-5.0,1.29,0.0
2020-02-08 03:00:00,0.0,0.0,3,5,-5.08999999999997,1.37,0.0
2020-02-08 04:00:00,0.0,0.0,4,5,-5.17999999999995,1.46,0.0
2020-02-08 05:00:00,0.0,0.0,5,5,-5.31,1.53,0.0
2020-02-08 06:00:00,2.5195,2.7671,6,5,-5.33999999999997,1.58,0.0
2020-02-08 07:00:00,105.3903,114.2541,7,5,-3.59999999999997,1.56,0.0
2020-02-08 08:00:00,251.5403,299.2386,8,5,-0.71999999999997,2.69,1e-06
2020-02-08 09:00:00,440.3206,458.2195,9,5,0.990000000000009,3.17,4e-06
2020-02-08 10:00:00,548.8003,569.2049,10,5,1.99000000000001,2.9,4e-06
2020-02-08 11:00:00,601.0676,621.6204,11,5,2.56,2.4,2e-06
2020-02-08 12:00:00,590.5222,611.4664,12,5,2.93000000000001,1.82,1e-06
2020-02-08 13:00:00,517.8483,537.7544,13,5,3.10000000000002,1.27,1e-06
2020-02-08 14:00:00,388.6057,406.8771,14,5,2.93000000000001,0.82,0.0
2020-02-08 15:00:00,221.1442,234.5807,15,5,2.19,0.56,0.0
2020-02-08 16:00:00,54.0135,57.7864,16,5,0.580000000000041,0.72,0.0
2020-02-08 17:00:00,0.0,0.0,17,5,-0.21999999999997,0.77,0.0
2020-02-08 18:00:00,0.0,0.0,18,5,-0.569999999999993,0.64,0.0
2020-02-08 19:00:00,0.0,0.0,19,5,-0.759999999999991,0.52,0.0
2020-02-08 20:00:00,0.0,0.0,20,5,-0.939999999999998,0.67,0.0
2020-02-08 21:00:00,0.0,0.0,21,5,-1.12,0.93,0.0
2020-02-08 22:00:00,0.0,0.0,22,5,-1.19999999999999,1.13,0.0
2020-02-08 23:00:00,0.0,0.0,23,5,-1.26999999999998,1.22,0.0
2020-02-09 00:00:00,0.0,0.0,0,6,-1.28999999999996,1.22,0.0
2020-02-09 01:00:00,0.0,0.0,1,6,-1.44,1.17,0.0
2020-02-09 02:00:00,0.0,0.0,2,6,-1.72999999999996,1.15,0.0
2020-02-09 03:00:00,0.0,0.0,3,6,-1.88,1.11,0.0
2020-02-09 04:00:00,0.0,0.0,4,6,-2.15999999999997,1.15,0.0
2020-02-09 05:00:00,0.0,0.0,5,6,-2.47999999999996,1.26,0.0
2020-02-09 06:00:00,3.0055,3.0055,6,6,-2.65999999999997,1.36,0.0
2020-02-09 07:00:00,108.7987,112.2307,7,6,-1.38999999999999,1.43,0.0
2020-02-09 08:00:00,278.8517,296.0334,8,6,0.970000000000027,1.79,0.0
2020-02-09 09:00:00,437.0609,455.5732,9,6,3.0,2.34,0.0
2020-02-09 10:00:00,545.9775,566.7769,10,6,4.41000000000003,2.56,0.0
2020-02-09 11:00:00,597.9008,619.1601,11,6,5.30000000000001,2.92,0.0
2020-02-09 12:00:00,587.9513,609.2704,12,6,5.82000000000005,3.32,1e-06
2020-02-09 13:00:00,516.816,536.882,13,6,5.90000000000003,3.56,6.1e-05
2020-02-09 14:00:00,390.1559,408.2738,14,6,5.42000000000002,3.57,0.00056
2020-02-09 15:00:00,224.5995,238.1102,15,6,3.94,2.63,0.003853
2020-02-09 16:00:00,55.4839,61.2576,16,6,1.26000000000005,2.47,0.01702
2020-02-09 17:00:00,0.0,0.0,17,6,0.410000000000025,2.63,0.022999
2020-02-09 18:00:00,0.0,0.0,18,6,0.0300000000000296,2.65,0.010726
2020-02-09 19:00:00,0.0,0.0,19,6,-0.310000000000002,2.67,0.00914
2020-02-09 20:00:00,0.0,0.0,20,6,-0.539999999999964,2.71,0.007837
2020-02-09 21:00:00,0.0,0.0,21,6,-0.699999999999989,2.75,0.00732
2020-02-09 22:00:00,0.0,0.0,22,6,-0.639999999999986,2.69,0.013183
2020-02-09 23:00:00,0.0,0.0,23,6,-0.479999999999961,2.67,0.019101
2020-02-10 00:00:00,0.0,0.0,0,0,-0.579999999999984,2.82,0.012006
2020-02-10 01:00:00,0.0,0.0,1,0,-0.879999999999995,2.87,0.003312
2020-02-10 02:00:00,0.0,0.0,2,0,-1.13,2.92,0.00391
2020-02-10 03:00:00,0.0,0.0,3,0,-1.14999999999998,2.92,0.00553
2020-02-10 04:00:00,0.0,0.0,4,0,-1.10999999999996,3.02,0.004507
2020-02-10 05:00:00,0.0,0.0,5,0,-1.13999999999999,2.96,0.003235
2020-02-10 06:00:00,3.5679,3.5679,6,0,-1.12,2.82,0.002328
2020-02-10 07:00:00,111.4524,115.0267,7,0,0.640000000000043,3.51,0.006849
2020-02-10 08:00:00,269.731,296.0532,8,0,2.11000000000001,4.6,0.008227
2020-02-10 09:00:00,367.1617,452.072,9,0,3.60000000000002,5.49,0.015002
2020-02-10 10:00:00,426.4336,558.7695,10,0,4.79000000000002,6.32,0.02547
2020-02-10 11:00:00,392.979,606.4316,11,0,5.46000000000004,7.09,0.01839
2020-02-10 12:00:00,244.9276,592.4877,12,0,5.77000000000004,7.47,0.0109
2020-02-10 13:00:00,160.6048,517.6447,13,0,5.66000000000003,7.6,0.017706
2020-02-10 14:00:00,103.6132,388.1997,14,0,4.86000000000001,6.82,0.027317
2020-02-10 15:00:00,55.5652,219.8621,15,0,3.77000000000004,5.45,0.03536
2020-02-10 16:00:00,17.431,55.1151,16,0,2.35000000000002,4.83,0.051118
2020-02-10 17:00:00,0.0,0.0,17,0,2.19,5.24,0.061021
2020-02-10 18:00:00,0.0,0.0,18,0,2.63,5.84,0.08002
2020-02-10 19:00:00,0.0,0.0,19,0,2.89000000000004,6.33,0.105684
2020-02-10 20:00:00,0.0,0.0,20,0,3.25,6.74,0.090495
2020-02-10 21:00:00,0.0,0.0,21,0,3.54000000000002,7.0,0.087507
2020-02-10 22:00:00,0.0,0.0,22,0,3.68000000000001,6.99,0.149956
2020-02-10 23:00:00,0.0,0.0,23,0,3.75,6.8,0.153891
2020-02-11 00:00:00,0.0,0.0,0,1,3.66000000000003,6.48,0.129904
2020-02-11 01:00:00,0.0,0.0,1,1,3.64000000000004,6.21,0.114431
2020-02-11 02:00:00,0.0,0.0,2,1,3.54000000000002,5.75,0.110734
2020-02-11 03:00:00,0.0,0.0,3,1,3.38,5.32,0.10954
2020-02-11 04:00:00,0.0,0.0,4,1,3.22000000000003,4.8,0.114768
2020-02-11 05:00:00,0.0,0.0,5,1,3.18000000000001,4.38,0.119312
2020-02-11 06:00:00,1.0336,4.0797,6,1,3.45000000000005,4.47,0.104961
2020-02-11 07:00:00,70.2878,116.0504,7,1,4.51000000000005,4.86,0.094972
2020-02-11 08:00:00,195.7859,294.9612,8,1,5.63,5.56,0.080038
2020-02-11 09:00:00,225.3361,449.6499,9,1,6.66000000000003,6.63,0.075769
2020-02-11 10:00:00,285.3925,557.5276,10,1,7.55000000000001,7.26,0.064149
2020-02-11 11:00:00,192.7168,608.1904,11,1,8.24000000000001,7.45,0.050287
2020-02-11 12:00:00,259.1787,597.8109,12,1,8.71000000000004,7.21,0.038015
2020-02-11 13:00:00,184.186,526.681,13,1,8.99000000000001,7.04,0.046438
2020-02-11 14:00:00,84.0871,401.1718,14,1,8.88,6.87,0.064514
2020-02-11 15:00:00,76.6994,235.4074,15,1,8.13,5.9,0.097288
2020-02-11 16:00:00,27.427,63.3857,16,1,6.54000000000002,4.42,0.051881
2020-02-11 17:00:00,0.0,0.0,17,1,5.15000000000003,3.45,0.034247
2020-02-11 18:00:00,0.0,0.0,18,1,4.23000000000002,3.05,0.020282
2020-02-11 19:00:00,0.0,0.0,19,1,3.82000000000005,2.84,0.021377
2020-02-11 20:00:00,0.0,0.0,20,1,3.73000000000002,2.53,0.016716
2020-02-11 21:00:00,0.0,0.0,21,1,3.71000000000004,2.28,0.031436
2020-02-11 22:00:00,0.0,0.0,22,1,3.65000000000003,2.14,0.019563
2020-02-11 23:00:00,0.0,0.0,23,1,3.65000000000003,2.03,0.009612
2020-02-12 00:00:00,0.0,0.0,0,2,3.62,2.05,0.010782
2020-02-12 01:00:00,0.0,0.0,1,2,3.67000000000002,2.01,0.015915
2020-02-12 02:00:00,0.0,0.0,2,2,3.80000000000001,1.96,0.024245
2020-02-12 03:00:00,0.0,0.0,3,2,3.96000000000004,1.82,0.037136
2020-02-12 04:00:00,0.0,0.0,4,2,4.12,1.63,0.053413
2020-02-12 05:00:00,0.0,0.0,5,2,4.32000000000005,1.44,0.085316
2020-02-12 06:00:00,4.1543,4.5496,6,2,4.44,1.18,0.128991
2020-02-12 07:00:00,61.6876,116.7598,7,2,4.98000000000002,0.8,0.169339
2020-02-12 08:00:00,91.2028,296.3259,8,2,6.01000000000005,0.38,0.19792
2020-02-12 09:00:00,156.3576,452.8404,9,2,6.76000000000005,0.52,0.271894
2020-02-12 10:00:00,294.4541,563.817,10,2,7.42000000000002,1.02,0.310025
2020-02-12 11:00:00,259.4525,618.6352,11,2,8.03000000000003,1.2,0.214718
2020-02-12 12:00:00,104.5145,612.1002,12,2,8.56,1.69,0.109728
2020-02-12 13:00:00,180.5933,541.2397,13,2,8.79000000000002,2.28,0.05897
2020-02-12 14:00:00,113.007,411.7795,14,2,8.67000000000002,2.45,0.023467
2020-02-12 15:00:00,76.233,241.0809,15,2,8.12,2.05,0.016887
2020-02-12 16:00:00,20.6449,66.0778,16,2,5.92000000000002,1.44,0.033152
2020-02-12 17:00:00,0.0091,0.02,17,2,4.33000000000004,1.76,0.023145
2020-02-12 18:00:00,0.0,0.0,18,2,3.57000000000005,2.1,0.021117
2020-02-12 19:00:00,0.0,0.0,19,2,2.87,2.46,0.019196
2020-02-12 20:00:00,0.0,0.0,20,2,2.71000000000004,2.64,0.015634
2020-02-12 21:00:00,0.0,0.0,21,2,2.88,2.57,0.022388
2020-02-12 22:00:00,0.0,0.0,22,2,2.85000000000002,2.38,0.029412
2020-02-12 23:00:00,0.0,0.0,23,2,2.57000000000005,2.06,0.035061
2020-02-13 00:00:00,0.0,0.0,0,3,2.48000000000002,1.46,0.051102
2020-02-13 01:00:00,0.0,0.0,1,3,2.24000000000001,1.0,0.070696
2020-02-13 02:00:00,0.0,0.0,2,3,1.99000000000001,0.66,0.061636
2020-02-13 03:00:00,0.0,0.0,3,3,1.68000000000001,0.35,0.046937
2020-02-13 04:00:00,0.0,0.0,4,3,1.21000000000004,0.44,0.019581
2020-02-13 05:00:00,0.0,0.0,5,3,0.560000000000002,0.78,0.006343
2020-02-13 06:00:00,4.7868,5.4352,6,3,0.120000000000005,1.14,0.001653
2020-02-13 07:00:00,115.455,123.3831,7,3,1.40000000000003,1.72,0.000163
2020-02-13 08:00:00,290.4982,306.4573,8,3,2.89000000000004,2.1,9.8e-05
2020-02-13 09:00:00,409.5548,465.2713,9,3,5.10000000000002,2.57,5.4e-05
2020-02-13 10:00:00,496.4855,577.7749,10,3,7.10000000000002,2.45,2.4e-05
2020-02-13 11:00:00,538.301,633.2737,11,3,8.30000000000001,1.95,1.2e-05
2020-02-13 12:00:00,604.7216,626.0096,12,3,9.21000000000004,1.6,6e-06
2020-02-13 13:00:00,534.8926,555.4177,13,3,9.72000000000003,1.66,3e-06
2020-02-13 14:00:00,409.7808,427.9267,14,3,9.63,1.86,1e-06
2020-02-13 15:00:00,243.256,257.9962,15,3,8.65000000000003,1.54,0.0
2020-02-13 16:00:00,72.7167,75.5686,16,3,6.33000000000004,1.03,0.0
2020-02-13 17:00:00,0.0317,0.0696,17,3,5.15000000000003,1.04,0.0
2020-02-13 18:00:00,0.0,0.0,18,3,4.38,1.38,0.0
2020-02-13 19:00:00,0.0,0.0,19,3,3.43000000000001,1.77,0.0
2020-02-13 20:00:00,0.0,0.0,20,3,2.84000000000003,1.89,0.0
2020-02-13 21:00:00,0.0,0.0,21,3,2.53000000000003,1.83,0.0
2020-02-13 22:00:00,0.0,0.0,22,3,1.98000000000002,1.99,0.0
2020-02-13 23:00:00,0.0,0.0,23,3,1.12,2.45,0.0
2020-02-14 00:00:00,0.0,0.0,0,4,0.439999999999998,2.87,0.0
2020-02-14 01:00:00,0.0,0.0,1,4,0.100000000000023,3.11,7e-05
2020-02-14 02:00:00,0.0,0.0,2,4,0.470000000000027,3.08,0.004111
2020-02-14 03:00:00,0.0,0.0,3,4,0.75,3.02,0.014016
2020-02-14 04:00:00,0.0,0.0,4,4,1.17000000000002,3.04,0.023418
2020-02-14 05:00:00,0.0,0.0,5,4,1.39000000000004,2.86,0.023915
2020-02-14 06:00:00,3.5804,5.8859,6,4,1.70000000000005,2.71,0.043436
2020-02-14 07:00:00,74.1403,121.1722,7,4,3.41000000000003,2.46,0.0287
2020-02-14 08:00:00,215.8129,298.6368,8,4,5.14000000000004,3.48,0.087849
2020-02-14 09:00:00,208.6828,452.567,9,4,6.29000000000002,4.57,0.337321
2020-02-14 10:00:00,239.9513,559.7739,10,4,6.68000000000001,4.76,0.760593
2020-02-14 11:00:00,114.3838,609.5613,11,4,6.34000000000003,4.17,1.429553
2020-02-14 12:00:00,98.06,597.5947,12,4,5.66000000000003,3.31,1.988117
2020-02-14 13:00:00,102.4263,525.9547,13,4,4.88,2.47,2.34614
2020-02-14 14:00:00,98.1557,401.0995,14,4,3.91000000000003,1.82,2.573976
2020-02-14 15:00:00,62.7851,236.2478,15,4,2.35000000000002,1.4,1.997704
2020-02-14 16:00:00,16.3529,67.6257,16,4,1.37,1.03,1.077042
2020-02-14 17:00:00,0.1422,0.1422,17,4,0.990000000000009,0.55,0.582398
2020-02-14 18:00:00,0.0,0.0,18,4,0.939999999999998,0.3,0.39988
2020-02-14 19:00:00,0.0,0.0,19,4,0.920000000000016,0.96,0.244943
2020-02-14 20:00:00,0.0,0.0,20,4,0.830000000000041,1.51,0.077199
2020-02-14 21:00:00,0.0,0.0,21,4,0.600000000000023,2.05,0.016806
2020-02-14 22:00:00,0.0,0.0,22,4,0.510000000000048,2.41,0.020015
2020-02-14 23:00:00,0.0,0.0,23,4,0.360000000000014,2.81,0.022861
2020-02-15 00:00:00,0.0,0.0,0,5,0.189999999999998,3.26,0.040296
2020-02-15 01:00:00,0.0,0.0,1,5,0.0400000000000205,3.34,0.026479
2020-02-15 02:00:00,0.0,0.0,2,5,-0.359999999999957,4.05,0.010883
2020-02-15 03:00:00,0.0,0.0,3,5,-0.399999999999977,4.42,0.004638
2020-02-15 04:00:00,0.0,0.0,4,5,-0.299999999999955,4.63,0.003457
2020-02-15 05:00:00,0.0,0.0,5,5,-0.379999999999995,4.5,0.005244
2020-02-15 06:00:00,6.372,8.1762,6,5,-0.389999999999986,4.39,0.00416
2020-02-15 07:00:00,89.1162,141.7847,7,5,1.36000000000001,5.23,0.00287
2020-02-15 08:00:00,216.9784,330.1953,8,5,2.76000000000005,6.07,0.001241
2020-02-15 09:00:00,433.1891,491.6611,9,5,4.11000000000001,6.17,0.000789
2020-02-15 10:00:00,583.8929,604.8401,10,5,5.18000000000001,5.94,0.000309
2020-02-15 11:00:00,638.6897,658.9126,11,5,5.95000000000005,5.59,0.0007
2020-02-15 12:00:00,509.0728,650.2324,12,5,6.45000000000005,5.28,0.000835
2020-02-15 13:00:00,558.0973,578.7574,13,5,6.60000000000002,4.97,0.000313
2020-02-15 14:00:00,432.0683,450.349,14,5,6.35000000000002,4.68,0.000571
2020-02-15 15:00:00,261.2887,277.875,15,5,5.58000000000004,4.05,0.00075
2020-02-15 16:00:00,81.8616,88.2824,16,5,2.90000000000003,2.76,0.00074
2020-02-15 17:00:00,0.123,0.3067,17,5,0.680000000000007,3.05,0.00046
2020-02-15 18:00:00,0.0,0.0,18,5,0.0600000000000023,3.18,0.000289
2020-02-15 20:00:00,0.0,0.0,20,5,-0.799999999999955,3.17,6.7e-05
2020-02-15 21:00:00,0.0,0.0,21,5,-1.04999999999995,2.99,5.9e-05
2020-02-15 22:00:00,0.0,0.0,22,5,-0.979999999999961,2.53,4.4e-05
2020-02-15 23:00:00,0.0,0.0,23,5,-0.909999999999968,2.23,2.6e-05
2020-02-16 00:00:00,0.0,0.0,0,6,-0.899999999999977,2.05,0.000125
2020-02-16 01:00:00,0.0,0.0,1,6,-0.92999999999995,1.9,0.000459
2020-02-16 02:00:00,0.0,0.0,2,6,-0.949999999999989,1.74,0.000493
2020-02-16 03:00:00,0.0,0.0,3,6,-0.899999999999977,1.6,0.000253
2020-02-16 04:00:00,0.0,0.0,4,6,-0.909999999999968,1.47,5.1e-05
2020-02-16 05:00:00,0.0,0.0,5,6,-1.07999999999998,1.46,2e-06
2020-02-16 06:00:00,9.0023,9.2018,6,6,-1.07999999999998,1.49,1e-06
2020-02-16 07:00:00,139.535,146.0689,7,6,1.26000000000005,1.59,1e-06
2020-02-16 08:00:00,317.2208,335.0412,8,6,3.61000000000001,2.08,1e-06
2020-02-16 09:00:00,476.3591,495.3882,9,6,5.68000000000001,1.73,1e-06
2020-02-16 10:00:00,585.1721,606.2964,10,6,6.79000000000002,1.61,0.0
2020-02-16 11:00:00,637.0149,657.8641,11,6,7.67000000000002,1.49,0.0
2020-02-16 12:00:00,625.4586,646.4923,12,6,8.41000000000003,1.19,0.0
2020-02-16 13:00:00,553.5941,574.4836,13,6,8.78000000000003,0.88,0.0
2020-02-16 14:00:00,429.5553,448.0394,14,6,8.72000000000003,0.73,0.0
2020-02-16 15:00:00,261.7821,278.253,15,6,8.0,1.0,0.0
2020-02-16 16:00:00,83.7065,90.9478,16,6,5.93000000000001,1.14,0.0
2020-02-16 17:00:00,0.1676,0.4801,17,6,4.5,1.31,0.0
2020-02-16 18:00:00,0.0,0.0,18,6,3.87,1.43,0.0
2020-02-16 19:00:00,0.0,0.0,19,6,3.17000000000002,1.54,0.0
2020-02-16 20:00:00,0.0,0.0,20,6,2.54000000000002,1.51,0.0
2020-02-16 21:00:00,0.0,0.0,21,6,2.08000000000004,1.46,0.0
2020-02-16 22:00:00,0.0,0.0,22,6,1.77000000000004,1.27,0.0
2020-02-16 23:00:00,0.0,0.0,23,6,1.59000000000003,1.16,0.0
2020-02-17 00:00:00,0.0,0.0,0,0,1.30000000000001,1.2,0.0
2020-02-17 01:00:00,0.0,0.0,1,0,1.17000000000002,1.12,0.0
2020-02-17 02:00:00,0.0,0.0,2,0,1.15000000000003,0.95,0.0
2020-02-17 03:00:00,0.0,0.0,3,0,1.15000000000003,0.84,0.0
2020-02-17 04:00:00,0.0,0.0,4,0,1.33000000000004,0.75,0.0
2020-02-17 05:00:00,0.0,0.0,5,0,1.47000000000003,0.67,0.0
2020-02-17 06:00:00,10.116,11.324,6,0,1.55000000000001,0.66,0.0
2020-02-17 08:00:00,333.6319,350.4488,8,0,5.68000000000001,0.86,0.0
2020-02-17 09:00:00,494.5233,512.5772,9,0,7.80000000000001,1.21,0.0
2020-02-17 10:00:00,605.3223,624.7466,10,0,9.47000000000003,1.44,0.0
2020-02-17 11:00:00,604.8845,676.9993,11,0,10.22,1.53,0.0
2020-02-17 12:00:00,638.8845,665.6139,12,0,10.52,1.65,0.0
2020-02-17 13:00:00,571.0325,591.5602,13,0,10.26,1.63,0.0
2020-02-17 14:00:00,442.9872,461.3379,14,0,9.69,1.43,0.0
2020-02-17 15:00:00,270.8806,287.863,15,0,8.76000000000005,1.04,0.0
2020-02-17 16:00:00,94.1614,96.7193,16,0,7.38,0.75,0.0
2020-02-17 17:00:00,0.7232,0.7232,17,0,6.40000000000003,0.44,0.0
2020-02-17 18:00:00,0.0,0.0,18,0,5.77000000000004,0.24,0.0
2020-02-17 19:00:00,0.0,0.0,19,0,5.33000000000004,0.25,0.0
2020-02-17 20:00:00,0.0,0.0,20,0,5.14000000000004,0.32,0.0
2020-02-17 21:00:00,0.0,0.0,21,0,5.25,0.44,0.0
2020-02-17 22:00:00,0.0,0.0,22,0,5.05000000000001,0.86,0.0
2020-02-17 23:00:00,0.0,0.0,23,0,4.52000000000004,1.39,0.0
2020-02-18 00:00:00,0.0,0.0,0,1,3.94,1.85,0.0
2020-02-18 01:00:00,0.0,0.0,1,1,3.32000000000005,2.17,0.0
2020-02-18 02:00:00,0.0,0.0,2,1,2.63,2.31,0.0
2020-02-18 03:00:00,0.0,0.0,3,1,1.86000000000001,2.37,0.0
2020-02-18 04:00:00,0.0,0.0,4,1,1.27000000000004,2.33,0.0
2020-02-18 05:00:00,0.0,0.0,5,1,0.939999999999998,2.2,0.0
2020-02-18 06:00:00,12.4221,12.4221,6,1,1.09000000000003,1.97,0.0
2020-02-18 07:00:00,151.8528,159.5908,7,1,3.71000000000004,1.49,0.0
2020-02-18 08:00:00,332.7623,350.5166,8,1,6.12,1.39,0.0
2020-02-18 09:00:00,492.1725,511.2456,9,1,8.27000000000004,1.21,0.0
2020-02-18 10:00:00,601.4368,622.3093,10,1,10.87,1.86,0.0
2020-02-18 11:00:00,653.5627,673.7491,11,1,12.56,2.04,0.0
2020-02-18 12:00:00,641.6289,662.1976,12,1,13.17,1.84,0.0
2020-02-18 13:00:00,566.7965,587.773,13,1,13.29,1.75,0.0
2020-02-18 14:00:00,438.5952,457.0952,14,1,12.97,1.71,0.0
2020-02-18 15:00:00,267.6689,283.7526,15,1,12.01,1.43,0.0
2020-02-18 16:00:00,88.7654,94.852,16,1,9.84000000000003,1.05,0.0
2020-02-18 17:00:00,0.2759,0.9064,17,1,8.08000000000004,1.31,2.9e-05
2020-02-18 18:00:00,0.0,0.0,18,1,6.66000000000003,1.76,0.000464
2020-02-18 19:00:00,0.0,0.0,19,1,5.29000000000002,2.27,0.001469
2020-02-18 20:00:00,0.0,0.0,20,1,4.02000000000004,2.62,0.004595
2020-02-18 21:00:00,0.0,0.0,21,1,2.93000000000001,2.66,0.006047
2020-02-18 22:00:00,0.0,0.0,22,1,2.22000000000003,2.41,0.005644
2020-02-18 23:00:00,0.0,0.0,23,1,1.55000000000001,2.33,0.004852
2020-02-19 00:00:00,0.0,0.0,0,2,1.16000000000003,2.35,0.002606
2020-02-19 01:00:00,0.0,0.0,1,2,1.08000000000004,2.23,0.001698
2020-02-19 02:00:00,0.0,0.0,2,2,1.08000000000004,2.13,0.001313
2020-02-19 03:00:00,0.0,0.0,3,2,0.990000000000009,2.08,0.000596
2020-02-19 04:00:00,0.0,0.0,4,2,0.670000000000016,1.96,0.000202
2020-02-19 05:00:00,0.0,0.0,5,2,0.420000000000016,1.79,7.3e-05
2020-02-19 06:00:00,9.2537,10.3919,6,2,0.550000000000011,1.59,3.1e-05
2020-02-19 07:00:00,95.4658,136.7955,7,2,2.26000000000005,1.92,1.3e-05
2020-02-19 08:00:00,162.5313,320.8742,8,2,3.70000000000005,2.4,1.2e-05
2020-02-19 09:00:00,216.6784,482.4334,9,2,5.67000000000002,1.96,6e-06
2020-02-19 10:00:00,552.7527,595.1763,10,2,7.73000000000002,0.73,0.000818
2020-02-19 11:00:00,624.8608,647.9766,11,2,9.19,0.64,0.009529
2020-02-19 12:00:00,614.6672,637.8069,12,2,9.89000000000004,1.76,0.028543
2020-02-19 13:00:00,413.8756,566.6432,13,2,9.79000000000002,2.36,0.057857
2020-02-19 14:00:00,177.1087,441.2098,14,2,9.25,2.51,0.058076
2020-02-19 15:00:00,108.3716,273.675,15,2,8.38,2.31,0.055132
2020-02-19 16:00:00,36.4093,91.4698,16,2,6.96000000000004,1.45,0.076713
2020-02-19 17:00:00,0.2815,1.0948,17,2,5.93000000000001,1.08,0.086729
2020-02-19 18:00:00,0.0,0.0,18,2,5.40000000000003,1.11,0.097049
2020-02-19 19:00:00,0.0,0.0,19,2,4.96000000000004,1.25,0.119665
2020-02-19 20:00:00,0.0,0.0,20,2,4.67000000000002,1.33,0.104638
2020-02-19 21:00:00,0.0,0.0,21,2,4.26000000000005,1.36,0.088977
2020-02-19 22:00:00,0.0,0.0,22,2,3.68000000000001,1.44,0.069602
2020-02-19 23:00:00,0.0,0.0,23,2,3.24000000000001,1.49,0.043532
2020-02-20 00:00:00,0.0,0.0,0,3,2.87,1.45,0.040429
2020-02-20 01:00:00,0.0,0.0,1,3,2.77000000000004,1.21,0.04633
2020-02-20 02:00:00,0.0,0.0,2,3,2.76000000000005,0.78,0.042428
2020-02-20 03:00:00,0.0,0.0,3,3,2.68000000000001,0.66,0.224993
2020-02-20 04:00:00,0.0,0.0,4,3,2.56,0.51,0.731398
2020-02-20 05:00:00,0.0,0.0,5,3,2.28000000000003,0.55,1.343527
2020-02-20 06:00:00,5.2316,12.05,6,3,1.67000000000002,1.04,1.172896
2020-02-20 07:00:00,59.5034,146.6749,7,3,1.99000000000001,1.53,1.163233
2020-02-20 08:00:00,62.8445,335.3869,8,3,2.15000000000003,2.62,0.99775
2020-02-20 09:00:00,128.4206,499.5657,9,3,2.11000000000001,4.48,1.060331
2020-02-20 10:00:00,176.7866,613.674,10,3,1.89000000000004,6.09,0.596353
2020-02-20 11:00:00,285.3906,667.3304,11,3,1.79000000000002,6.7,0.587766
2020-02-20 12:00:00,214.987,658.513,12,3,1.74000000000001,6.59,0.554732
2020-02-20 13:00:00,184.7728,584.0262,13,3,1.80000000000001,6.39,0.308712
2020-02-20 14:00:00,142.4542,449.7766,14,3,1.97000000000003,6.23,0.092157
2020-02-20 15:00:00,155.5759,273.5573,15,3,1.92000000000002,5.97,0.010748
2020-02-20 16:00:00,63.5198,90.9688,16,3,0.930000000000007,4.88,0.001874
2020-02-20 17:00:00,0.448,1.3516,17,3,-0.769999999999982,4.03,0.000828
2020-02-20 18:00:00,0.0,0.0,18,3,-1.66999999999996,3.85,0.000418
2020-02-20 19:00:00,0.0,0.0,19,3,-2.44,3.51,0.000126
2020-02-20 20:00:00,0.0,0.0,20,3,-3.02999999999997,3.19,3e-06
2020-02-20 21:00:00,0.0,0.0,21,3,-3.35999999999996,2.97,2e-06
2020-02-20 22:00:00,0.0,0.0,22,3,-3.57999999999998,2.76,2e-06
2020-02-20 23:00:00,0.0,0.0,23,3,-3.66999999999996,2.64,2e-06
2020-02-21 00:00:00,0.0,0.0,0,4,-3.71999999999997,2.57,1e-06
2020-02-21 01:00:00,0.0,0.0,1,4,-3.75,2.48,1e-06
2020-02-21 02:00:00,0.0,0.0,2,4,-3.75,2.4,1e-06
2020-02-21 03:00:00,0.0,0.0,3,4,-3.75,2.29,1e-06
2020-02-21 04:00:00,0.0,0.0,4,4,-3.79999999999995,2.24,0.0
2020-02-21 05:00:00,0.0,0.0,5,4,-3.84999999999997,2.16,0.0
2020-02-21 06:00:00,15.0381,17.6178,6,4,-3.35999999999996,1.98,0.0
2020-02-21 07:00:00,149.8223,175.5276,7,4,-1.00999999999999,2.89,0.0
2020-02-21 08:00:00,326.3908,367.5402,8,4,0.770000000000039,3.35,4e-05
2020-02-21 09:00:00,508.8411,528.4042,9,4,2.42000000000002,2.98,0.000752
2020-02-21 10:00:00,618.9669,639.6182,10,4,3.68000000000001,2.6,0.000243
2020-02-21 11:00:00,650.1699,691.4343,11,4,4.61000000000001,2.27,7.4e-05
2020-02-21 12:00:00,659.7958,679.9941,12,4,5.28000000000003,2.07,3.8e-05
2020-02-21 13:00:00,586.22,607.2321,13,4,5.66000000000003,2.05,1.6e-05
2020-02-21 14:00:00,460.3935,479.1734,14,4,5.70000000000005,1.85,6e-06
2020-02-21 15:00:00,289.1501,306.6446,15,4,5.15000000000003,1.68,2e-06
2020-02-21 16:00:00,104.8901,112.62,16,4,3.39000000000004,1.03,1e-06
2020-02-21 17:00:00,1.8822,2.1402,17,4,2.16000000000003,0.83,0.0
2020-02-21 18:00:00,0.0,0.0,18,4,1.66000000000003,0.86,0.0
2020-02-21 19:00:00,0.0,0.0,19,4,1.06,0.98,0.0
2020-02-21 20:00:00,0.0,0.0,20,4,0.300000000000011,1.24,2.5e-05
2020-02-21 21:00:00,0.0,0.0,21,4,-0.359999999999957,1.61,0.001627
2020-02-21 22:00:00,0.0,0.0,22,4,-0.769999999999982,2.21,0.011388
2020-02-21 23:00:00,0.0,0.0,23,4,-1.16999999999996,2.81,0.030147
2020-02-22 00:00:00,0.0,0.0,0,5,-1.44,2.66,0.036166
2020-02-22 01:00:00,0.0,0.0,1,5,-1.54999999999995,2.48,0.00756
2020-02-22 02:00:00,0.0,0.0,2,5,-1.59999999999997,3.05,0.007676
2020-02-22 03:00:00,0.0,0.0,3,5,-1.96999999999997,3.25,0.000174
2020-02-22 04:00:00,0.0,0.0,4,5,-2.69,2.77,3e-06
2020-02-22 05:00:00,0.0,0.0,5,5,-3.64999999999998,2.62,2e-06
2020-02-22 06:00:00,16.0048,18.668,6,5,-3.07999999999998,2.59,1e-06
2020-02-22 07:00:00,74.5399,177.9252,7,5,-0.879999999999995,4.0,0.0
2020-02-22 08:00:00,161.4685,371.2948,8,5,0.129999999999995,5.63,0.0
2020-02-22 09:00:00,151.4149,533.5616,9,5,0.82000000000005,6.17,0.009078
2020-02-22 10:00:00,324.8681,646.1444,10,5,1.49000000000001,5.96,0.003958
2020-02-22 11:00:00,346.3592,699.2524,11,5,2.36000000000001,5.25,0.002024
2020-02-22 12:00:00,303.8715,688.9091,12,5,3.25,4.9,0.001464
2020-02-22 13:00:00,264.5606,615.7324,13,5,3.64000000000004,5.08,0.002545
2020-02-22 14:00:00,316.5935,485.5193,14,5,3.58000000000004,4.73,0.002842
2020-02-22 15:00:00,263.4281,310.2763,15,5,3.08000000000004,3.86,0.000539
2020-02-22 16:00:00,93.3467,115.1721,16,5,0.850000000000023,2.41,0.000173
2020-02-22 17:00:00,1.6576,2.586,17,5,-1.19,2.22,0.000117
2020-02-22 18:00:00,0.0,0.0,18,5,-1.32999999999998,1.85,7.1e-05
2020-02-22 19:00:00,0.0,0.0,19,5,-1.45999999999998,1.61,5.9e-05
2020-02-22 20:00:00,0.0,0.0,20,5,-1.69999999999999,1.52,4.7e-05
2020-02-22 21:00:00,0.0,0.0,21,5,-1.92999999999995,1.45,3.7e-05
2020-02-22 22:00:00,0.0,0.0,22,5,-2.06999999999999,1.33,2.6e-05
2020-02-22 23:00:00,0.0,0.0,23,5,-2.0,0.97,1.7e-05
2020-02-23 00:00:00,0.0,0.0,0,6,-1.96999999999997,0.91,4e-06
2020-02-23 01:00:00,0.0,0.0,1,6,-1.67999999999995,0.56,6e-06
2020-02-23 02:00:00,0.0,0.0,2,6,-1.59999999999997,0.3,4e-06
2020-02-23 03:00:00,0.0,0.0,3,6,-1.54999999999995,0.12,2e-06
2020-02-23 04:00:00,0.0,0.0,4,6,-1.44,0.28,1e-06
2020-02-23 05:00:00,0.0,0.0,5,6,-1.37,0.26,1e-06
2020-02-23 06:00:00,19.897,19.9253,6,6,-0.919999999999959,0.25,0.0
2020-02-23 07:00:00,153.2226,177.2173,7,6,1.35000000000002,0.11,0.0
2020-02-23 08:00:00,301.2844,366.0445,8,6,3.41000000000003,0.49,0.0
2020-02-23 09:00:00,433.4372,524.1343,9,6,5.82000000000005,1.65,0.0
2020-02-23 10:00:00,540.8648,633.043,10,6,7.82000000000005,2.28,0.0
2020-02-23 11:00:00,591.4972,683.1426,11,6,9.13,2.55,0.0
2020-02-23 12:00:00,576.7039,670.9468,12,6,10.2,2.08,0.0
2020-02-23 13:00:00,559.0513,597.5518,13,6,10.67,2.16,1e-06
2020-02-23 14:00:00,387.7826,468.8976,14,6,10.12,1.99,3e-06
2020-02-23 15:00:00,239.0662,297.1678,15,6,8.41000000000003,1.7,0.0
2020-02-23 16:00:00,88.4604,108.644,16,6,5.95000000000005,2.1,0.0
2020-02-23 17:00:00,1.72,2.6849,17,6,4.03000000000003,2.47,0.0
2020-02-23 18:00:00,0.0,0.0,18,6,2.84000000000003,2.66,0.0
2020-02-23 19:00:00,0.0,0.0,19,6,1.75,2.73,0.0
2020-02-23 20:00:00,0.0,0.0,20,6,0.980000000000018,2.81,0.0
2020-02-23 21:00:00,0.0,0.0,21,6,0.710000000000036,2.93,0.0
2020-02-23 22:00:00,0.0,0.0,22,6,0.660000000000025,3.02,0.0
2020-02-23 23:00:00,0.0,0.0,23,6,0.720000000000027,3.14,0.0
2020-02-24 00:00:00,0.0,0.0,0,0,0.189999999999998,3.3,0.0
2020-02-24 01:00:00,0.0,0.0,1,0,-0.0600000000000023,3.43,0.0
2020-02-24 02:00:00,0.0,0.0,2,0,-0.0299999999999727,3.59,0.0
2020-02-24 03:00:00,0.0,0.0,3,0,0.270000000000039,3.72,2e-06
2020-02-24 04:00:00,0.0,0.0,4,0,0.330000000000041,3.81,0.0
2020-02-24 05:00:00,0.0,0.0,5,0,0.170000000000016,3.9,0.0
2020-02-24 06:00:00,17.5157,17.5229,6,0,0.79000000000002,3.85,0.0
2020-02-24 07:00:00,144.8542,158.6742,7,0,3.92000000000002,4.4,0.0
2020-02-24 08:00:00,304.3946,344.3187,8,0,6.31,4.29,0.0
2020-02-24 09:00:00,427.4884,504.4395,9,0,8.62,3.97,0.0
2020-02-24 10:00:00,588.889,617.0274,10,0,10.55,3.73,4e-06
2020-02-24 11:00:00,634.4006,671.4755,11,0,12.04,3.88,3.1e-05
2020-02-24 12:00:00,609.8232,663.0751,12,0,12.97,3.84,2.9e-05
2020-02-24 13:00:00,480.1872,590.7245,13,0,13.14,3.76,5.2e-05
2020-02-24 14:00:00,344.8034,460.6843,14,0,12.65,3.76,0.000162
2020-02-24 15:00:00,226.0508,288.222,15,0,11.61,3.19,0.000114
2020-02-24 16:00:00,79.0277,103.8289,16,0,9.49000000000001,1.63,3.8e-05
2020-02-24 17:00:00,1.9115,2.9421,17,0,7.79000000000002,1.48,3e-05
2020-02-24 18:00:00,0.0,0.0,18,0,6.77000000000004,1.72,2.2e-05
2020-02-24 19:00:00,0.0,0.0,19,0,5.65000000000003,1.99,1.4e-05
2020-02-24 20:00:00,0.0,0.0,20,0,4.64000000000004,2.17,8e-06
2020-02-24 21:00:00,0.0,0.0,21,0,4.04000000000002,2.16,5e-06
2020-02-24 22:00:00,0.0,0.0,22,0,3.70000000000005,1.91,3e-06
2020-02-24 23:00:00,0.0,0.0,23,0,3.37,1.62,2e-06
2020-02-25 00:00:00,0.0,0.0,0,1,3.24000000000001,1.44,1e-06
2020-02-25 01:00:00,0.0,0.0,1,1,3.22000000000003,1.24,1e-06
2020-02-25 02:00:00,0.0,0.0,2,1,3.21000000000004,1.15,1e-06
2020-02-25 03:00:00,0.0,0.0,3,1,3.17000000000002,1.38,0.0
2020-02-25 04:00:00,0.0,0.0,4,1,3.12,1.62,0.0
2020-02-25 05:00:00,0.0,0.0,5,1,3.09000000000003,1.76,0.0
2020-02-25 06:00:00,21.1585,21.9889,6,1,3.23000000000002,1.92,0.0
2020-02-25 07:00:00,170.5594,178.8997,7,1,5.96000000000004,2.09,0.0
2020-02-25 08:00:00,352.0039,368.5995,8,1,8.5,2.75,0.0
2020-02-25 09:00:00,508.2403,528.9062,9,1,10.99,3.88,0.0
2020-02-25 10:00:00,574.8141,638.9738,10,1,12.71,4.52,0.0
2020-02-25 11:00:00,604.3063,688.7553,11,1,13.69,4.99,0.0
2020-02-25 12:00:00,550.3031,675.3342,12,1,13.93,5.31,0.0
2020-02-25 13:00:00,485.0762,600.8798,13,1,13.73,5.26,0.0
2020-02-25 14:00:00,412.6679,471.6475,14,1,13.31,4.92,0.0
2020-02-25 15:00:00,230.4296,299.182,15,1,12.36,3.76,0.0
2020-02-25 16:00:00,100.6877,110.9939,16,1,9.70000000000005,2.42,0.0
2020-02-25 17:00:00,3.4199,3.5896,17,1,7.16000000000003,2.64,0.0
2020-02-25 18:00:00,0.0,0.0,18,1,6.11000000000001,2.68,0.0
2020-02-25 19:00:00,0.0,0.0,19,1,5.09000000000003,2.78,0.0
2020-02-25 20:00:00,0.0,0.0,20,1,4.16000000000003,2.92,4e-06
2020-02-25 21:00:00,0.0,0.0,21,1,3.32000000000005,2.96,3e-05
2020-02-25 22:00:00,0.0,0.0,22,1,2.51000000000005,3.0,0.000238
2020-02-25 23:00:00,0.0,0.0,23,1,1.86000000000001,3.17,0.001325
2020-02-26 00:00:00,0.0,0.0,0,2,2.10000000000002,3.15,0.009146
2020-02-26 01:00:00,0.0,0.0,1,2,2.49000000000001,2.97,0.020078
2020-02-26 02:00:00,0.0,0.0,2,2,2.62,2.69,0.023781
2020-02-26 03:00:00,0.0,0.0,3,2,2.62,2.6,0.023123
2020-02-26 04:00:00,0.0,0.0,4,2,2.68000000000001,2.73,0.016606
2020-02-26 05:00:00,0.0,0.0,5,2,2.86000000000001,2.82,0.010702
2020-02-26 06:00:00,19.5882,23.7509,6,2,3.31,2.82,0.007914
2020-02-26 07:00:00,133.5657,183.7965,7,2,5.5,3.43,0.006015
2020-02-26 08:00:00,257.5568,377.3312,8,2,7.06,4.77,0.003491
2020-02-26 09:00:00,377.491,541.2528,9,2,8.89000000000004,5.89,0.003925
2020-02-26 10:00:00,631.6619,652.9547,10,2,10.28,7.07,0.005978
2020-02-26 11:00:00,366.6727,702.4232,11,2,10.91,7.95,0.00809
2020-02-26 12:00:00,518.133,688.688,12,2,10.94,8.51,0.018815
2020-02-26 13:00:00,331.6462,613.1777,13,2,10.58,8.7,0.029368
2020-02-26 14:00:00,267.6929,482.1322,14,2,9.88,8.56,0.030111
2020-02-26 15:00:00,184.4545,307.7227,15,2,8.90000000000003,8.06,0.024452
2020-02-26 16:00:00,81.4979,117.0033,16,2,7.59000000000003,6.56,0.02769
2020-02-26 17:00:00,2.5644,4.2124,17,2,6.22000000000003,5.89,0.031409
2020-02-26 18:00:00,0.0,0.0,18,2,5.89000000000004,6.45,0.028851
2020-02-26 19:00:00,0.0,0.0,19,2,5.11000000000001,6.15,0.034861
2020-02-26 20:00:00,0.0,0.0,20,2,4.62,6.18,0.062398
2020-02-26 21:00:00,0.0,0.0,21,2,4.64000000000004,6.68,0.063024
2020-02-26 22:00:00,0.0,0.0,22,2,4.60000000000002,6.94,0.057538
2020-02-26 23:00:00,0.0,0.0,23,2,4.27000000000004,6.87,0.068205
2020-02-27 00:00:00,0.0,0.0,0,3,3.87,6.56,0.136664
2020-02-27 01:00:00,0.0,0.0,1,3,3.64000000000004,6.6,0.256838
2020-02-27 02:00:00,0.0,0.0,2,3,3.59000000000003,6.91,0.669248
2020-02-27 03:00:00,0.0,0.0,3,3,3.48000000000002,7.11,0.973113
2020-02-27 04:00:00,0.0,0.0,4,3,3.30000000000001,8.13,0.8089
2020-02-27 05:00:00,0.0,0.0,5,3,2.44,9.01,0.325676
2020-02-27 06:00:00,13.5253,26.3407,6,3,1.75,8.19,0.199359
2020-02-27 07:00:00,56.1232,191.8628,7,3,2.09000000000003,8.16,0.312647
2020-02-27 08:00:00,125.1999,384.8615,8,3,2.71000000000004,9.56,0.315381
2020-02-27 09:00:00,138.2791,546.5135,9,3,3.33000000000004,11.09,0.344209
2020-02-27 10:00:00,199.0678,658.2705,10,3,3.56,11.43,0.398991
2020-02-27 11:00:00,263.2093,710.4583,11,3,3.56,11.65,0.428
2020-02-27 12:00:00,229.6092,699.1006,12,3,3.40000000000003,11.54,0.464672
2020-02-27 13:00:00,142.7614,625.2086,13,3,3.01000000000005,10.65,0.377311
2020-02-27 14:00:00,124.2982,495.3262,14,3,2.45000000000005,9.48,0.20894
2020-02-27 16:00:00,41.1658,128.7581,16,3,1.17000000000002,5.72,0.039805
2020-02-27 17:00:00,2.0726,5.401,17,3,-0.289999999999964,3.71,0.000464
2020-02-27 18:00:00,0.0,0.0,18,3,-1.54999999999995,2.89,9.5e-05
2020-02-27 19:00:00,0.0,0.0,19,3,-2.13999999999999,2.7,2.5e-05
2020-02-27 20:00:00,0.0,0.0,20,3,-2.45999999999998,2.64,5e-06
2020-02-27 21:00:00,0.0,0.0,21,3,-2.78999999999996,2.63,3e-06
2020-02-27 22:00:00,0.0,0.0,22,3,-3.02999999999997,2.69,2e-06
2020-02-27 23:00:00,0.0,0.0,23,3,-3.01999999999998,2.87,1e-06
2020-02-28 00:00:00,0.0,0.0,0,4,-2.25999999999999,3.04,1e-06
2020-02-28 01:00:00,0.0,0.0,1,4,-1.59999999999997,2.92,4e-06
2020-02-28 02:00:00,0.0,0.0,2,4,-1.31,2.85,8.6e-05
2020-02-28 03:00:00,0.0,0.0,3,4,-1.25,2.8,0.001252
2020-02-28 04:00:00,0.0,0.0,4,4,-1.15999999999997,2.99,0.016647
2020-02-28 05:00:00,0.0,0.0,5,4,-0.939999999999998,3.12,0.034946
2020-02-28 06:00:00,18.112,29.3164,6,4,-0.439999999999998,3.04,0.032975
2020-02-28 07:00:00,105.7821,196.4568,7,4,1.76000000000005,3.99,0.015743
2020-02-28 08:00:00,210.1629,386.6694,8,4,3.37,6.11,0.039341
2020-02-28 09:00:00,220.3377,545.6744,9,4,5.01000000000005,7.63,0.098008
2020-02-28 10:00:00,241.6432,655.6277,10,4,6.02000000000004,8.32,0.412979
2020-02-28 11:00:00,166.0123,706.9916,11,4,5.85000000000002,8.85,1.823448
2020-02-28 12:00:00,161.861,695.4885,12,4,4.51000000000005,8.54,3.393923
2020-02-28 13:00:00,119.3075,623.4622,13,4,4.46000000000004,7.99,2.254793
2020-02-28 14:00:00,96.3373,496.6992,14,4,4.53000000000003,7.57,0.387139
2020-02-28 15:00:00,76.7721,324.8844,15,4,4.32000000000005,6.97,0.082226
2020-02-28 16:00:00,49.7654,131.7178,16,4,2.94,5.01,0.096512
2020-02-28 17:00:00,2.698,6.1478,17,4,1.13,3.59,0.107304
2020-02-28 18:00:00,0.0,0.0,18,4,0.170000000000016,3.34,0.05879
2020-02-28 19:00:00,0.0,0.0,19,4,-0.779999999999973,3.68,0.020802
2020-02-28 20:00:00,0.0,0.0,20,4,-1.56999999999999,3.93,0.000809
2020-02-28 21:00:00,0.0,0.0,21,4,-2.15999999999997,4.03,0.000274
2020-02-28 22:00:00,0.0,0.0,22,4,-2.63999999999999,4.1,0.000227
2020-02-28 23:00:00,0.0,0.0,23,4,-3.01999999999998,4.1,1e-06
2020-02-29 00:00:00,0.0,0.0,0,5,-3.40999999999997,3.9,1e-06
2020-02-29 01:00:00,0.0,0.0,1,5,-3.72999999999996,3.53,2e-06
2020-02-29 02:00:00,0.0,0.0,2,5,-3.92999999999995,3.25,2e-06
2020-02-29 03:00:00,0.0,0.0,3,5,-4.04999999999995,2.95,2e-06
2020-02-29 04:00:00,0.0,0.0,4,5,-4.16999999999996,2.63,2e-06
2020-02-29 05:00:00,0.0,0.0,5,5,-4.26999999999998,2.16,1e-06
2020-02-29 06:00:00,31.323,37.9863,6,5,-3.58999999999997,2.07,1e-06
2020-02-29 07:00:00,196.3333,224.4008,7,5,-1.62,2.9,0.0
2020-02-29 08:00:00,401.6383,421.958,8,5,0.330000000000041,3.56,1e-06
2020-02-29 09:00:00,564.8195,584.3261,9,5,2.24000000000001,3.42,4e-06
2020-02-29 10:00:00,675.9603,695.281,10,5,3.62,2.71,3e-06
2020-02-29 11:00:00,725.8159,744.2595,11,5,4.65000000000003,1.9,1e-06
2020-02-29 12:00:00,709.5729,728.715,12,5,5.40000000000003,1.06,1e-06
2020-02-29 13:00:00,578.4879,648.7637,13,5,5.85000000000002,0.36,0.0
2020-02-29 14:00:00,426.0623,511.1836,14,5,5.92000000000002,0.92,0.0
2020-02-29 15:00:00,264.5598,329.927,15,5,5.44,1.56,0.0
2020-02-29 16:00:00,101.9984,130.6246,16,5,3.76000000000005,1.37,0.0
2020-02-29 17:00:00,5.4793,6.4195,17,5,2.52000000000004,1.4,0.0
2020-02-29 18:00:00,0.0,0.0,18,5,2.30000000000001,1.42,0.0
2020-02-29 19:00:00,0.0,0.0,19,5,2.10000000000002,1.5,1e-06
2020-02-29 20:00:00,0.0,0.0,20,5,1.74000000000001,1.62,0.0
2020-02-29 21:00:00,0.0,0.0,21,5,1.34000000000003,1.78,0.0
2020-02-29 22:00:00,0.0,0.0,22,5,0.990000000000009,1.92,0.0
2020-02-29 23:00:00,0.0,0.0,23,5,0.850000000000023,2.03,0.0
2020-03-01 00:00:00,0.0,0.0,0,6,0.810000000000002,2.05,0.0
2020-03-01 01:00:00,0.0,0.0,1,6,0.680000000000007,2.12,0.0
2020-03-01 02:00:00,0.0,0.0,2,6,0.360000000000014,2.22,0.0
2020-03-01 03:00:00,0.0,0.0,3,6,-0.20999999999998,2.27,0.0
2020-03-01 04:00:00,0.0,0.0,4,6,-0.42999999999995,2.13,0.0
2020-03-01 05:00:00,0.0,0.0,5,6,-0.529999999999973,2.02,0.0
2020-03-01 06:00:00,32.6965,34.1766,6,6,-0.00999999999999091,1.94,0.0
2020-03-01 07:00:00,174.14,206.3723,7,6,2.75,2.24,0.0
2020-03-01 08:00:00,328.8186,398.7667,8,6,4.96000000000004,3.3,2e-06
2020-03-01 09:00:00,502.0075,558.9282,9,6,6.75,3.85,5e-06
2020-03-01 10:00:00,629.5856,669.0121,10,6,8.24000000000001,4.21,8e-06
2020-03-01 11:00:00,675.3566,719.4982,11,6,9.28000000000003,4.48,1.8e-05
2020-03-01 12:00:00,484.445,706.375,12,6,9.71000000000004,4.57,8e-05
2020-03-01 13:00:00,233.4781,630.4379,13,6,9.74000000000001,4.5,0.000494
2020-03-01 14:00:00,263.8817,497.9554,14,6,9.51000000000005,4.19,0.000745
2020-03-01 15:00:00,223.1759,321.9416,15,6,8.84000000000003,3.54,0.000383
2020-03-01 16:00:00,59.1356,128.7654,16,6,7.02000000000004,2.16,0.000346
2020-03-01 17:00:00,6.2723,6.8399,17,6,5.10000000000002,2.23,0.000354
2020-03-01 18:00:00,0.0,0.0,18,6,4.33000000000004,2.29,0.000339
2020-03-01 19:00:00,0.0,0.0,19,6,3.54000000000002,2.43,0.000248
2020-03-01 20:00:00,0.0,0.0,20,6,2.56,2.56,0.000216
2020-03-01 21:00:00,0.0,0.0,21,6,1.91000000000003,2.6,0.001415
2020-03-01 22:00:00,0.0,0.0,22,6,1.78000000000003,2.7,0.005093
2020-03-01 23:00:00,0.0,0.0,23,6,1.87,2.85,0.00954
2020-03-02 00:00:00,0.0,0.0,0,0,2.05000000000001,3.04,0.0237
